0.0,0.0,-0.0,0.0,0.0,0.0,-1.5707963267948966,
0.0891747049336303,0.0,-0.01192819200000006,0.0,0.2675241148008911,0.0,-1.5707963267948966,
0.1257339413205514,0.0,-0.023713535999999813,0.0,0.3772018239616543,0.0,-1.5707963267948966,
0.1535299840422058,0.0,-0.035357183999999986,0.0,0.4605899521266176,0.0,-1.5707963267948966,
0.176748951906369,0.0,-0.04686028799999997,0.0,0.5302468557191073,0.0,-1.5707963267948966,
0.197017765696396,0.0,-0.058224000000000053,0.0,0.5910532970891883,0.0,-1.5707963267948966,
0.2151735299705798,0.0,-0.06944947200000007,0.0,0.6455205899117397,0.0,-1.5707963267948966,
0.2317151354573107,0.0,-0.08053785599999985,0.0,0.6951454063719325,0.0,-1.5707963267948966,
0.2469686943723835,0.0,-0.09149030400000013,0.0,0.7409060831171507,0.0,-1.5707963267948966,
0.261161467295618,0.0,-0.1023079680000003,0.0,0.7834844018868543,0.0,-1.5707963267948966,
0.2744594687745347,0.0,-0.1129920000000002,0.0,0.8233784063236044,0.0,-1.5707963267948966,
0.2869884457604522,0.0,-0.12354355200000011,0.0,0.8609653372813569,0.0,-1.5707963267948966,
0.298846422096702,0.0,-0.1339637760000003,0.0,0.8965392662901062,0.0,-1.5707963267948966,
0.3101116186149756,0.0,-0.1442538240000002,0.0,0.930334855844927,0.0,-1.5707963267948966,
0.3208476772551116,0.0,-0.1544148480000005,0.0,0.9625430317653352,0.0,-1.5707963267948966,
0.3311072333851981,0.0,-0.16444800000000015,0.0,0.9933217001555946,0.0,-1.5707963267948966,
0.3409344335792444,0.0,-0.17435443200000034,0.0,1.0228033007377333,0.0,-1.5707963267948966,
0.3503667564139041,0.0,-0.184135296,0.0,1.0511002692417122,0.0,-1.5707963267948966,
0.3594363587618814,0.0,-0.19379174399999988,0.0,1.0783090762856442,0.0,-1.5707963267948966,
0.3681710906630233,0.0,-0.2033249279999998,0.0,1.10451327198907,0.0,-1.5707963267948966,
0.3765952734700746,0.0,-0.21273600000000048,0.0,1.129785820410224,0.0,-1.5707963267948966,
0.384730305538828,0.0,-0.222026112,0.0,1.154190916616484,0.0,-1.5707963267948966,
0.392595140061616,0.0,-0.23119641599999996,0.0,1.1777854201848483,0.0,-1.5707963267948966,
0.4002066666111399,0.0,-0.2402480640000002,0.0,1.20061999983342,0.0,-1.5707963267948966,
0.4075800191373468,0.0,-0.24918220800000013,0.0,1.2227400574120408,0.0,-1.5707963267948966,
0.4147288270665544,0.0,-0.258,0.0,1.2441864811996637,0.0,-1.5707963267948966,
0.4216654218690454,0.0,-0.2667025920000001,0.0,1.2649962656071363,0.0,-1.5707963267948966,
0.4284010084021747,0.0,-0.2752911360000003,0.0,1.2852030252065243,0.0,-1.5707963267948966,
0.4349458081186666,0.0,-0.283766784,0.0,1.304837424356,0.0,-1.5707963267948966,
0.4413091796008782,0.0,-0.2921306880000003,0.0,1.3239275388026346,0.0,-1.5707963267948966,
0.4474997206703039,0.0,-0.3003840000000002,0.0,1.342499162010912,0.0,-1.5707963267948966,
0.453525355410257,0.0,-0.308527872,0.0,1.360576066230771,0.0,-1.5707963267948966,
0.459393408746795,0.0,-0.3165634559999999,0.0,1.3781802262403853,0.0,-1.5707963267948966,
0.465110670701071,0.0,-0.3244919040000003,0.0,1.3953320121032131,0.0,-1.5707963267948966,
0.470683452014196,0.0,-0.332314368,0.0,1.4120503560425883,0.0,-1.5707963267948966,
0.4761176325237285,0.0,-0.34003200000000033,0.0,1.4283528975711857,0.0,-1.5707963267948966,
0.481418703417306,0.0,-0.34764595200000015,0.0,1.4442561102519182,0.0,-1.5707963267948966,
0.4865918042877418,0.0,-0.3551573760000002,0.0,1.4597754128632257,0.0,-1.5707963267948966,
0.4916417557531095,0.0,-0.3625674240000003,0.0,1.4749252672593285,0.0,-1.5707963267948966,
0.4965730882760363,0.0,-0.3698772480000003,0.0,1.489719264828109,0.0,-1.5707963267948966,
0.5013900677117568,0.0,-0.3770880000000001,0.0,1.5041702031352702,0.0,-1.5707963267948966,
0.5060967180292717,0.0,-0.3842008320000003,0.0,1.518290154087815,0.0,-1.5707963267948966,
0.5106968415802081,0.0,-0.3912168960000004,0.0,1.5320905247406245,0.0,-1.5707963267948966,
0.5151940372325752,0.0,-0.3981373439999998,0.0,1.5455821116977255,0.0,-1.5707963267948966,
0.5195917166391322,0.0,-0.40496332800000046,0.0,1.5587751499173967,0.0,-1.5707963267948966,
0.5238931188706341,0.0,-0.4116960000000005,0.0,1.5716793566119025,0.0,-1.5707963267948966,
0.5281013236112935,0.0,-0.4183365120000002,0.0,1.5843039708338804,0.0,-1.5707963267948966,
0.5322192630861835,0.0,-0.4248860160000003,0.0,1.5966577892585505,0.0,-1.5707963267948966,
0.5362497328670665,0.0,-0.4313456640000002,0.0,1.608749198601199,0.0,-1.5707963267948966,
0.5401954016835023,0.0,-0.437716608000001,0.0,1.6205862050505069,0.0,-1.5707963267948966,
0.544058820349418,0.0,-0.4440000000000004,0.0,1.632176461048254,0.0,-1.5707963267948966,
0.5478424299011535,0.0,-0.4501969920000004,0.0,1.6435272897034603,0.0,-1.5707963267948966,
0.5515485690308699,0.0,-0.45630873600000044,0.0,1.6546457070926095,0.0,-1.5707963267948966,
0.5551794808888385,0.0,-0.4623363840000003,0.0,1.6655384426665154,0.0,-1.5707963267948966,
0.5587373193191953,0.0,-0.4682810880000008,0.0,1.676211957957586,0.0,-1.5707963267948966,
0.5622241545860514,0.0,-0.47414400000000034,0.0,1.686672463758154,0.0,-1.5707963267948966,
0.5656419786401996,0.0,-0.47992627200000015,0.0,1.6969259359205988,0.0,-1.5707963267948966,
0.568992709970875,0.0,-0.4856290560000005,0.0,1.706978129912625,0.0,-1.5707963267948966,
0.5722781980820172,0.0,-0.4912535040000008,0.0,1.7168345942460514,0.0,-1.5707963267948966,
0.5755002276281046,0.0,-0.4968007680000004,0.0,1.726500682884314,0.0,-1.5707963267948966,
0.5786605222408042,0.0,-0.5022720000000005,0.0,1.7359815667224128,0.0,-1.5707963267948966,
0.5817607480743268,0.0,-0.5076683520000005,0.0,1.7452822442229805,0.0,-1.5707963267948966,
0.5848025170944465,0.0,-0.5129909760000007,0.0,1.7544075512833397,0.0,-1.5707963267948966,
0.5877873901335416,0.0,-0.5182410240000004,0.0,1.7633621704006248,0.0,-1.5707963267948966,
0.5907168797317377,0.0,-0.5234196480000004,0.0,1.772150639195213,0.0,-1.5707963267948966,
0.5935924527822102,0.0,-0.528528000000001,0.0,1.7807773583466304,0.0,-1.5707963267948966,
0.5964155329969201,0.0,-0.5335672319999998,0.0,1.78924659899076,0.0,-1.5707963267948966,
0.5991875032074688,0.0,-0.5385384960000006,0.0,1.7975625096224064,0.0,-1.5707963267948966,
0.6019097075143418,0.0,-0.5434429440000006,0.0,1.8057291225430248,0.0,-1.5707963267948966,
0.6045834532965656,0.0,-0.5482817280000005,0.0,1.8137503598896965,0.0,-1.5707963267948966,
0.6072100130926701,0.0,-0.5530560000000007,0.0,1.82163003927801,0.0,-1.5707963267948966,
0.6097906263628529,0.0,-0.5577669120000004,0.0,1.8293718790885585,0.0,-1.5707963267948966,
0.6123265011413441,0.0,-0.5624156160000005,0.0,1.836979503424032,0.0,-1.5707963267948966,
0.6148188155871617,0.0,-0.5670032639999998,0.0,1.8444564467614848,0.0,-1.5707963267948966,
0.6172687194407315,0.0,-0.5715310080000005,0.0,1.851806158322194,0.0,-1.5707963267948966,
0.6196773353931871,0.0,-0.5760000000000005,0.0,1.859032006179561,0.0,-1.5707963267948966,
0.622045760374589,0.0,-0.5804113920000007,0.0,1.8661372811237669,0.0,-1.5707963267948966,
0.6243750667667636,0.0,-0.5847663360000004,0.0,1.8731252003002905,0.0,-1.5707963267948966,
0.6266663035459944,0.0,-0.5890659840000003,0.0,1.879998910637983,0.0,-1.5707963267948966,
0.6289204973603585,0.0,-0.5933114880000008,0.0,1.8867614920810756,0.0,-1.5707963267948966,
0.6311386535461131,0.0,-0.5975040000000007,0.0,1.8934159606383396,0.0,-1.5707963267948966,
0.633321757087186,0.0,-0.6016446720000008,0.0,1.8999652712615585,0.0,-1.5707963267948966,
0.6354707735214896,0.0,-0.6057346560000005,0.0,1.9064123205644692,0.0,-1.5707963267948966,
0.6375866497975003,0.0,-0.609775104000001,0.0,1.9127599493925016,0.0,-1.5707963267948966,
0.6396703150842631,0.0,-0.6137671680000008,0.0,1.91901094525279,0.0,-1.5707963267948966,
0.6417226815377498,0.0,-0.6177120000000005,0.0,1.92516804461325,0.0,-1.5707963267948966,
0.6437446450262715,0.0,-0.6216107520000005,0.0,1.9312339350788148,0.0,-1.5707963267948966,
0.6457370858174404,0.0,-0.6254645760000006,0.0,1.9372112574523213,0.0,-1.5707963267948966,
0.6477008692289986,0.0,-0.6292746240000007,0.0,1.943102607686996,0.0,-1.5707963267948966,
0.6496368462456545,0.0,-0.6330420480000005,0.0,1.948910538736964,0.0,-1.5707963267948966,
0.6515458541039151,0.0,-0.6367680000000004,0.0,1.9546375623117456,0.0,-1.5707963267948966,
0.6534287168467577,0.0,-0.6404536320000007,0.0,1.9602861505402736,0.0,-1.5707963267948966,
0.6552862458498578,0.0,-0.6441000960000007,0.0,1.965858737549574,0.0,-1.5707963267948966,
0.6571192403209636,0.0,-0.6477085440000008,0.0,1.9713577209628916,0.0,-1.5707963267948966,
0.6589284877739012,0.0,-0.6512801280000007,0.0,1.976785463321704,0.0,-1.5707963267948966,
0.6607147644785912,0.0,-0.6548160000000007,0.0,1.9821442934357745,0.0,-1.5707963267948966,
0.6624788358883628,0.0,-0.6583173120000008,0.0,1.9874365076650888,0.0,-1.5707963267948966,
0.6642214570457661,0.0,-0.6617852160000011,0.0,1.9926643711372989,0.0,-1.5707963267948966,
0.6659433729680025,0.0,-0.665220864000001,0.0,1.997830118904008,0.0,-1.5707963267948966,
0.6676453190130222,0.0,-0.6686254080000005,0.0,2.0029359570390666,0.0,-1.5707963267948966,
0.6693280212272605,0.0,-0.6720000000000006,0.0,2.007984063681782,0.0,-1.5707963267948966,
0.6709921966759377,0.0,-0.6753457920000008,0.0,2.0129765900278134,0.0,-1.5707963267948966,
0.6726385537567708,0.0,-0.6786639360000009,0.0,2.017915661270313,0.0,-1.5707963267948966,
0.6742677924979067,0.0,-0.6819555840000007,0.0,2.022803377493721,0.0,-1.5707963267948966,
0.6758806048408255,0.0,-0.6852218880000005,0.0,2.027641814522477,0.0,-1.5707963267948966,
0.6774776749089229,0.0,-0.6884640000000006,0.0,2.032433024726769,0.0,-1.5707963267948966,
0.6790596792624345,0.0,-0.6916830720000009,0.0,2.037179037787304,0.0,-1.5707963267948966,
0.6806272871403264,0.0,-0.6948802560000007,0.0,2.04188186142098,0.0,-1.5707963267948966,
0.6821811606897397,0.0,-0.6980567040000007,0.0,2.0465434820692194,0.0,-1.5707963267948966,
0.6837219551835384,0.0,-0.7012135680000009,0.0,2.051165865550616,0.0,-1.5707963267948966,
0.6852503192264855,0.0,-0.7043520000000005,0.0,2.055750957679457,0.0,-1.5707963267948966,
0.6867668949505359,0.0,-0.7074731520000008,0.0,2.060300684851608,0.0,-1.5707963267948966,
0.6882723181997081,0.0,-0.7105781760000007,0.0,2.0648169545991246,0.0,-1.5707963267948966,
0.6897672187049774,0.0,-0.7136682240000005,0.0,2.0693016561149324,0.0,-1.5707963267948966,
0.6912522202495992,0.0,-0.7167444480000009,0.0,2.073756660748798,0.0,-1.5707963267948966,
0.6927279408252567,0.0,-0.7198080000000009,0.0,2.0781838224757703,0.0,-1.5707963267948966,
0.6941949927794064,0.0,-0.7228600320000007,0.0,2.0825849783382195,0.0,-1.5707963267948966,
0.6956539829541696,0.0,-0.7259016960000007,0.0,2.086961948862509,0.0,-1.5707963267948966,
0.6971055128171058,0.0,-0.728934144000001,0.0,2.0913165384513177,0.0,-1.5707963267948966,
0.6985501785841874,0.0,-0.7319585280000007,0.0,2.0956505357525628,0.0,-1.5707963267948966,
0.6999885713352757,0.0,-0.734976000000001,0.0,2.0999657140058274,0.0,-1.5707963267948966,
0.7014212771223868,0.0,-0.7379877120000007,0.0,2.104263831367161,0.0,-1.5707963267948966,
0.7028488770710245,0.0,-0.7409948160000006,0.0,2.108546631213074,0.0,-1.5707963267948966,
0.7042719474748373,0.0,-0.7439984640000006,0.0,2.1128158424245127,0.0,-1.5707963267948966,
0.7056910598838562,0.0,-0.7469998080000009,0.0,2.117073179651569,0.0,-1.5707963267948966,
0.7071067811865477,0.0,-0.7500000000000009,0.0,2.121320343559644,0.0,-1.5707963267948966,
0.7085196736859184,0.0,-0.7530001920000009,0.0,2.1255590210577555,0.0,-1.5707963267948966,
0.7099302951698849,0.0,-0.7560015360000003,0.0,2.129790885509655,0.0,-1.5707963267948966,
0.7113391989761287,0.0,-0.7590051840000012,0.0,2.1340175969283863,0.0,-1.5707963267948966,
0.712746934051631,0.0,-0.7620122880000006,0.0,2.1382408021548933,0.0,-1.5707963267948966,
0.714154045007098,0.0,-0.7650240000000008,0.0,2.1424621350212942,0.0,-1.5707963267948966,
0.7155610721664504,0.0,-0.7680414720000006,0.0,2.1466832164993512,0.0,-1.5707963267948966,
0.7169685516115752,0.0,-0.7710658560000008,0.0,2.150905654834726,0.0,-1.5707963267948966,
0.7183770152225083,0.0,-0.7740983040000007,0.0,2.155131045667525,0.0,-1.5707963267948966,
0.7197869907132249,0.0,-0.7771399680000011,0.0,2.159360972139675,0.0,-1.5707963267948966,
0.7211990016632026,0.0,-0.7801920000000009,0.0,2.163597004989608,0.0,-1.5707963267948966,
0.7226135675449223,0.0,-0.7832555520000009,0.0,2.167840702634767,0.0,-1.5707963267948966,
0.7240312037474628,0.0,-0.7863317760000008,0.0,2.1720936112423885,0.0,-1.5707963267948966,
0.7254524215963443,0.0,-0.789421824000001,0.0,2.176357264789033,0.0,-1.5707963267948966,
0.7268777283697719,0.0,-0.792526848000001,0.0,2.180633185109316,0.0,-1.5707963267948966,
0.7283076273114266,0.0,-0.7956480000000008,0.0,2.18492288193428,0.0,-1.5707963267948966,
0.7297426176399456,0.0,-0.7987864320000009,0.0,2.189227852919837,0.0,-1.5707963267948966,
0.731183194555236,0.0,-0.801943296000001,0.0,2.193549583665708,0.0,-1.5707963267948966,
0.7326298492417571,0.0,-0.8051197440000006,0.0,2.197889547725272,0.0,-1.5707963267948966,
0.7340830688689121,0.0,-0.8083169280000009,0.0,2.2022492066067367,0.0,-1.5707963267948966,
0.7355433365886742,0.0,-0.8115360000000007,0.0,2.206630009766024,0.0,-1.5707963267948966,
0.7370111315305894,0.0,-0.8147781120000008,0.0,2.211033394591769,0.0,-1.5707963267948966,
0.7384869287942744,0.0,-0.8180444160000007,0.0,2.215460786382824,0.0,-1.5707963267948966,
0.7399711994395456,0.0,-0.8213360640000009,0.0,2.2199135983186378,0.0,-1.5707963267948966,
0.741464410474299,0.0,-0.824654208000001,0.0,2.2243932314228982,0.0,-1.5707963267948966,
0.7429670248402681,0.0,-0.8280000000000007,0.0,2.228901074520805,0.0,-1.5707963267948966,
0.744479501396781,0.0,-0.8313745920000009,0.0,2.233438504190344,0.0,-1.5707963267948966,
0.7460022949026363,0.0,-0.8347791360000012,0.0,2.23800688470791,0.0,-1.5707963267948966,
0.747535855996219,0.0,-0.8382147840000012,0.0,2.2426075679886583,0.0,-1.5707963267948966,
0.7490806311739743,0.0,-0.841682688000001,0.0,2.2472418935219243,0.0,-1.5707963267948966,
0.7506370627673534,0.0,-0.845184000000001,0.0,2.2519111883020617,0.0,-1.5707963267948966,
0.7522055889183487,0.0,-0.8487198720000011,0.0,2.256616766755047,0.0,-1.5707963267948966,
0.7537866435537312,0.0,-0.852291456000001,0.0,2.2613599306611945,0.0,-1.5707963267948966,
0.7553806563581038,0.0,-0.855899904000001,0.0,2.2661419690743125,0.0,-1.5707963267948966,
0.7569880527458803,0.0,-0.8595463680000011,0.0,2.2709641582376423,0.0,-1.5707963267948966,
0.7586092538323004,0.0,-0.8632320000000009,0.0,2.2758277614969025,0.0,-1.5707963267948966,
0.7602446764035904,0.0,-0.8669579520000013,0.0,2.2807340292107723,0.0,-1.5707963267948966,
0.7618947328863744,0.0,-0.8707253760000011,0.0,2.285684198659124,0.0,-1.5707963267948966,
0.7635598313164462,0.0,-0.8745354240000012,0.0,2.29067949394934,0.0,-1.5707963267948966,
0.765240375307001,0.0,-0.8783892480000008,0.0,2.295721125921004,0.0,-1.5707963267948966,
0.7669367640164344,0.0,-0.8822880000000013,0.0,2.300810292049304,0.0,-1.5707963267948966,
0.7686493921158071,0.0,-0.886232832000001,0.0,2.3059481763474223,0.0,-1.5707963267948966,
0.7703786497560793,0.0,-0.8902248960000012,0.0,2.311135949268239,0.0,-1.5707963267948966,
0.7721249225352071,0.0,-0.8942653440000008,0.0,2.3163747676056223,0.0,-1.5707963267948966,
0.7738885914652057,0.0,-0.8983553280000014,0.0,2.321665774395618,0.0,-1.5707963267948966,
0.7756700329392646,0.0,-0.9024960000000011,0.0,2.327010098817795,0.0,-1.5707963267948966,
0.7774696186990202,0.0,-0.906688512000001,0.0,2.3324088560970617,0.0,-1.5707963267948966,
0.7792877158020649,0.0,-0.910934016000001,0.0,2.337863147406196,0.0,-1.5707963267948966,
0.7811246865897916,0.0,-0.9152336640000014,0.0,2.3433740597693755,0.0,-1.5707963267948966,
0.7829808886556556,0.0,-0.9195886080000011,0.0,2.348942665966968,0.0,-1.5707963267948966,
0.7848566748139434,0.0,-0.9240000000000013,0.0,2.354570024441831,0.0,-1.5707963267948966,
0.7867523930691283,0.0,-0.9284689920000013,0.0,2.3602571792073856,0.0,-1.5707963267948966,
0.7886683865858958,0.0,-0.9329967360000011,0.0,2.3660051597576883,0.0,-1.5707963267948966,
0.7906049936599185,0.0,-0.9375843840000009,0.0,2.3718149809797566,0.0,-1.5707963267948966,
0.7925625476894553,0.0,-0.9422330880000014,0.0,2.377687643068367,0.0,-1.5707963267948966,
0.7945413771478487,0.0,-0.9469440000000011,0.0,2.383624131443547,0.0,-1.5707963267948966,
0.7965418055569965,0.0,-0.9517182720000013,0.0,2.3896254166709903,0.0,-1.5707963267948966,
0.7985641514618597,0.0,-0.9565570560000012,0.0,2.39569245438558,0.0,-1.5707963267948966,
0.8006087284060798,0.0,-0.9614615040000012,0.0,2.40182618521824,0.0,-1.5707963267948966,
0.8026758449087651,0.0,-0.9664327680000011,0.0,2.4080275347262963,0.0,-1.5707963267948966,
0.8047658044425099,0.0,-0.9714720000000008,0.0,2.4142974133275303,0.0,-1.5707963267948966,
0.8068789054127019,0.0,-0.9765803520000009,0.0,2.420636716238106,0.0,-1.5707963267948966,
0.8090154411381777,0.0,-0.9817589760000014,0.0,2.4270463234145336,0.0,-1.5707963267948966,
0.8111756998332729,0.0,-0.9870090240000011,0.0,2.4335270994998197,0.0,-1.5707963267948966,
0.8133599645913243,0.0,-0.9923316480000017,0.0,2.440079893773974,0.0,-1.5707963267948966,
0.8155685133696617,0.0,-0.9977280000000013,0.0,2.446705540108986,0.0,-1.5707963267948966,
0.8178016189761428,0.0,-1.0031992320000014,0.0,2.453404856928429,0.0,-1.5707963267948966,
0.8200595490572622,0.0,-1.008746496000001,0.0,2.4601786471717872,0.0,-1.5707963267948966,
0.8223425660878805,0.0,-1.0143709440000013,0.0,2.4670276982636423,0.0,-1.5707963267948966,
0.8246509273626024,0.0,-1.0200737280000012,0.0,2.473952782087808,0.0,-1.5707963267948966,
0.8269848849888372,0.0,-1.025856000000001,0.0,2.480954654966512,0.0,-1.5707963267948966,
0.8293446858815701,0.0,-1.031718912000001,0.0,2.488034057644711,0.0,-1.5707963267948966,
0.83173057175987,0.0,-1.037663616000001,0.0,2.495191715279611,0.0,-1.5707963267948966,
0.8341427791451533,0.0,-1.0436912640000013,0.0,2.502428337435461,0.0,-1.5707963267948966,
0.8365815393612269,0.0,-1.0498030080000014,0.0,2.509744618083681,0.0,-1.5707963267948966,
0.8390470785361213,0.0,-1.0560000000000014,0.0,2.5171412356083644,0.0,-1.5707963267948966,
0.8415396176057309,0.0,-1.0622833920000012,0.0,2.5246188528171936,0.0,-1.5707963267948966,
0.84405937231927,0.0,-1.0686543360000016,0.0,2.532178116957811,0.0,-1.5707963267948966,
0.8466065532465479,0.0,-1.075113984000001,0.0,2.5398196597396447,0.0,-1.5707963267948966,
0.8491813657870737,0.0,-1.0816634880000016,0.0,2.5475440973612224,0.0,-1.5707963267948966,
0.8517840101809846,0.0,-1.0883040000000013,0.0,2.555352030542956,0.0,-1.5707963267948966,
0.8544146815218007,0.0,-1.0950366720000018,0.0,2.5632440445654034,0.0,-1.5707963267948966,
0.8570735697709969,0.0,-1.1018626560000016,0.0,2.571220709312992,0.0,-1.5707963267948966,
0.8597608597743909,0.0,-1.1087831040000014,0.0,2.579282579323174,0.0,-1.5707963267948966,
0.8624767312803284,0.0,-1.115799168000001,0.0,2.5874301938409867,0.0,-1.5707963267948966,
0.8652213589596596,0.0,-1.1229120000000017,0.0,2.59566407687898,0.0,-1.5707963267948966,
0.8679949124274866,0.0,-1.130122752000002,0.0,2.603984737282461,0.0,-1.5707963267948966,
0.8707975562666677,0.0,-1.137432576000002,0.0,2.612392668800004,0.0,-1.5707963267948966,
0.8736294500530531,0.0,-1.1448426240000016,0.0,2.62088835015916,0.0,-1.5707963267948966,
0.8764907483824347,0.0,-1.152354048000002,0.0,2.629472245147305,0.0,-1.5707963267948966,
0.8793816008991775,0.0,-1.1599680000000019,0.0,2.6381448026975334,0.0,-1.5707963267948966,
0.8823021523265147,0.0,-1.1676856320000017,0.0,2.646906456979545,0.0,-1.5707963267948966,
0.885252542498467,0.0,-1.175508096000001,0.0,2.655757627495402,0.0,-1.5707963267948966,
0.8882329063933627,0.0,-1.1834365440000019,0.0,2.6646987191800893,0.0,-1.5707963267948966,
0.8912433741689193,0.0,-1.1914721280000018,0.0,2.673730122506759,0.0,-1.5707963267948966,
0.8942840711988558,0.0,-1.1996160000000016,0.0,2.6828522135965684,0.0,-1.5707963267948966,
0.8973551181109963,0.0,-1.207869312000001,0.0,2.69206535433299,0.0,-1.5707963267948966,
0.9004566308268269,0.0,-1.2162332160000018,0.0,2.7013698924804816,0.0,-1.5707963267948966,
0.9035887206024654,0.0,-1.224708864000001,0.0,2.710766161807397,0.0,-1.5707963267948966,
0.9067514940710052,0.0,-1.2332974080000016,0.0,2.720254482213017,0.0,-1.5707963267948966,
0.9099450532861864,0.0,-1.2420000000000018,0.0,2.72983515985856,0.0,-1.5707963267948966,
0.9131694957673524,0.0,-1.2508177920000016,0.0,2.7395084873020576,0.0,-1.5707963267948966,
0.9164249145456492,0.0,-1.259751936000002,0.0,2.7492747436369487,0.0,-1.5707963267948966,
0.9197113982114176,0.0,-1.2688035840000023,0.0,2.7591341946342536,0.0,-1.5707963267948966,
0.9230290309627324,0.0,-1.2779738880000018,0.0,2.769087092888197,0.0,-1.5707963267948966,
0.9263778926550444,0.0,-1.2872640000000022,0.0,2.7791336779651337,0.0,-1.5707963267948966,
0.9297580588518718,0.0,-1.296675072000002,0.0,2.789274176555616,0.0,-1.5707963267948966,
0.9331696008764968,0.0,-1.306208256000002,0.0,2.799508802629492,0.0,-1.5707963267948966,
0.9366125858646148,0.0,-1.3158647040000018,0.0,2.8098377575938454,0.0,-1.5707963267948966,
0.9400870768178876,0.0,-1.3256455680000023,0.0,2.820261230453664,0.0,-1.5707963267948966,
0.9435931326583512,0.0,-1.335552000000002,0.0,2.8307793979750544,0.0,-1.5707963267948966,
0.9471308082836292,0.0,-1.3455851520000022,0.0,2.8413924248508886,0.0,-1.5707963267948966,
0.9507001546228973,0.0,-1.355746176000002,0.0,2.852100463868693,0.0,-1.5707963267948966,
0.9543012186935532,0.0,-1.366036224000002,0.0,2.8629036560806607,0.0,-1.5707963267948966,
0.9579340436585396,0.0,-1.3764564480000026,0.0,2.8738021309756205,0.0,-1.5707963267948966,
0.9615986688842704,0.0,-1.387008000000002,0.0,2.884796006652812,0.0,-1.5707963267948966,
0.9652951299991112,0.0,-1.3976920320000024,0.0,2.8958853899973347,0.0,-1.5707963267948966,
0.9690234589523624,0.0,-1.408509696000002,0.0,2.907070376857088,0.0,-1.5707963267948966,
0.9727836840737004,0.0,-1.4194621440000024,0.0,2.918351052221102,0.0,-1.5707963267948966,
0.976575830133022,0.0,-1.4305505280000022,0.0,2.9297274903990664,0.0,-1.5707963267948966,
0.98039991840065,0.0,-1.4417760000000026,0.0,2.9411997552019504,0.0,-1.5707963267948966,
0.9842559667078484,0.0,-1.4531397120000022,0.0,2.952767900123545,0.0,-1.5707963267948966,
0.9881439895076026,0.0,-1.4646428160000022,0.0,2.964431968522808,0.0,-1.5707963267948966,
0.9920639979356178,0.0,-1.4762864640000029,0.0,2.9761919938068533,0.0,-1.5707963267948966,
1.0000159021566155,0.0,-1.5,0.0,2.9880488574296744,0.0,-1.5707963267948966,
1.0040873893186135,0.0,-1.5121409370508827,0.0,2.97583439594368,0.0,-1.5707963267948966,
1.0081263061388313,0.0,-1.5241356153732202,0.0,2.9637176454830274,0.0,-1.5707963267948966,
1.0121326487712743,0.0,-1.5359852075549094,0.0,2.9516986175856985,0.0,-1.5707963267948966,
1.0161064165552416,0.0,-1.547690886183851,0.0,2.9397773142337966,0.0,-1.5707963267948966,
1.0200476120809197,0.0,-1.5592538238479419,0.0,2.927953727656762,0.0,-1.5707963267948966,
1.0239562412549637,0.0,-1.5706751931350817,0.0,2.916227840134629,0.0,-1.5707963267948966,
1.02783231336601,0.0,-1.5819561666331694,0.0,2.9045996238014906,0.0,-1.5707963267948966,
1.0316758411500777,0.0,-1.5930979169301027,0.0,2.893069040449287,0.0,-1.5707963267948966,
1.035486840855809,0.0,-1.604101616613781,0.0,2.8816360413320923,0.0,-1.5707963267948966,
1.0392653323094996,0.0,-1.6149684382721015,0.0,2.870300566971021,0.0,-1.5707963267948966,
1.0430113389798643,0.0,-1.6256995544929649,0.0,2.8590625469599265,0.0,-1.5707963267948966,
1.0467248880424949,0.0,-1.636296137864269,0.0,2.847921899772035,0.0,-1.5707963267948966,
1.05040601044395,0.0,-1.6467593609739128,0.0,2.836878532567669,0.0,-1.5707963267948966,
1.0540547409654295,0.0,-1.657090396409795,0.0,2.825932341003231,0.0,-1.5707963267948966,
1.0576711182859768,0.0,-1.6672904167598128,0.0,2.815083209041589,0.0,-1.5707963267948966,
1.061255185045158,0.0,-1.677360594611867,0.0,2.8043310087640454,0.0,-1.5707963267948966,
1.064806987905161,0.0,-1.687302102553855,0.0,2.793675600184037,0.0,-1.5707963267948966,
1.0683265776122597,0.0,-1.697116113173676,0.0,2.783116831062741,0.0,-1.5707963267948966,
1.0718140090575914,0.0,-1.706803799059228,0.0,2.772654536726746,0.0,-1.5707963267948966,
1.0752693413371894,0.0,-1.7163663327984096,0.0,2.762288539887952,0.0,-1.5707963267948966,
1.0786926378112132,0.0,-1.725804886979121,0.0,2.752018650465881,0.0,-1.5707963267948966,
1.0820839661623258,0.0,-1.7351206341892582,0.0,2.741844665412543,0.0,-1.5707963267948966,
1.0854433984531602,0.0,-1.7443147470167215,0.0,2.73176636854004,0.0,-1.5707963267948966,
1.0887710111828188,0.0,-1.7533883980494118,0.0,2.721783530351064,0.0,-1.5707963267948966,
1.0920668853423514,0.0,-1.762342759875224,0.0,2.7118959078724663,0.0,-1.5707963267948966,
1.0953311064691595,0.0,-1.7711790050820588,0.0,2.702103244492042,0.0,-1.5707963267948966,
1.0985637647002686,0.0,-1.779898306257814,0.0,2.6924052697987144,0.0,-1.5707963267948966,
1.1017649548244193,0.0,-1.7885018359903881,0.0,2.6828016994262627,0.0,-1.5707963267948966,
1.1049347763329211,0.0,-1.796990766867681,0.0,2.673292234900757,0.0,-1.5707963267948966,
1.1080733334692183,0.0,-1.8053662714775904,0.0,2.6638765634918653,0.0,-1.5707963267948966,
1.111180735277119,0.0,-1.8136295224080152,0.0,2.654554358068164,0.0,-1.5707963267948966,
1.114257095647632,0.0,-1.8217816922468542,0.0,2.6453252769566253,0.0,-1.5707963267948966,
1.117302533364369,0.0,-1.829823953582006,0.0,2.636188963806414,0.0,-1.5707963267948966,
1.1203171721474614,0.0,-1.8377574790013687,0.0,2.6271450474571365,0.0,-1.5707963267948966,
1.1233011406959468,0.0,-1.8455834410928418,0.0,2.6181931418116804,0.0,-1.5707963267948966,
1.1262545727285769,0.0,-1.8533030124443242,0.0,2.6093328457137908,0.0,-1.5707963267948966,
1.1291776070230124,0.0,-1.8609173656437128,0.0,2.6005637428304835,0.0,-1.5707963267948966,
1.1320703874533566,0.0,-1.8684276732789087,0.0,2.591885401539451,0.0,-1.5707963267948966,
1.1349330630259895,0.0,-1.875835107937808,0.0,2.583297374821552,0.0,-1.5707963267948966,
1.1377657879136704,0.0,-1.883140842208312,0.0,2.5747992001585094,0.0,-1.5707963267948966,
1.1405687214878666,0.0,-1.8903460486783175,0.0,2.5663903994359214,0.0,-1.5707963267948966,
1.1433420283492828,0.0,-1.8974518999357248,0.0,2.558070478851673,0.0,-1.5707963267948966,
1.1460858783565548,0.0,-1.9044595685684302,0.0,2.549838928829857,0.0,-1.5707963267948966,
1.1488004466530846,0.0,-1.9113702271643342,0.0,2.541695223940268,0.0,-1.5707963267948966,
1.1514859136919864,0.0,-1.9181850483113352,0.0,2.533638822823562,0.0,-1.5707963267948966,
1.1541424652591268,0.0,-1.924905204597331,0.0,2.5256691681221413,0.0,-1.5707963267948966,
1.1567702924942318,0.0,-1.9315318686102207,0.0,2.5177856864168264,0.0,-1.5707963267948966,
1.1593695919100515,0.0,-1.9380662129379038,0.0,2.509987788169367,0.0,-1.5707963267948966,
1.1619405654095616,0.0,-1.9445094101682794,0.0,2.5022748676708364,0.0,-1.5707963267948966,
1.1644834203011931,0.0,-1.9508626328892422,0.0,2.494646302995941,0.0,-1.5707963267948966,
1.1669983693120851,0.0,-1.957127053688696,0.0,2.487101455963266,0.0,-1.5707963267948966,
1.169485630599346,0.0,-1.9633038451545368,0.0,2.4796396721014835,0.0,-1.5707963267948966,
1.1719454277593342,0.0,-1.969394179874664,0.0,2.472260280621519,0.0,-1.5707963267948966,
1.174377989834949,0.0,-1.9753992304369752,0.0,2.4649625943946747,0.0,-1.5707963267948966,
1.176783551320942,0.0,-1.9813201694293698,0.0,2.4577459099366954,0.0,-1.5707963267948966,
1.1791623521672538,0.0,-1.987158169439748,0.0,2.4506095073977594,0.0,-1.5707963267948966,
1.1815146377803898,0.0,-1.9929144030560049,0.0,2.443552650558352,0.0,-1.5707963267948966,
1.18384065902285,0.0,-1.9985900428660428,0.0,2.436574586830971,0.0,-1.5707963267948966,
1.186140672210626,0.0,-2.0041862614577584,0.0,2.429674547267642,0.0,-1.5707963267948966,
1.1884149391087966,0.0,-2.0097042314190503,0.0,2.422851746573131,0.0,-1.5707963267948966,
1.190663726925236,0.0,-2.015145125337818,0.0,2.4161053831238126,0.0,-1.5707963267948966,
1.192887308302472,0.0,-2.02051011580196,0.0,2.4094346389921046,0.0,-1.5707963267948966,
1.1950859613077207,0.0,-2.025800375399374,0.0,2.4028386799763584,0.0,-1.5707963267948966,
1.197259969421138,0.0,-2.0310170767179594,0.0,2.396316655636107,0.0,-1.5707963267948966,
1.1994096215223222,0.0,-2.0361613923456163,0.0,2.389867699332554,0.0,-1.5707963267948966,
1.2015352118751126,0.0,-2.041234494870241,0.0,2.383490928274183,0.0,-1.5707963267948966,
1.2036370401107324,0.0,-2.046237556879733,0.0,2.377185443567324,0.0,-1.5707963267948966,
1.2057154112093202,0.0,-2.0511717509619922,0.0,2.3709503302715595,0.0,-1.5707963267948966,
1.2077706354799054,0.0,-2.0560382497049146,0.0,2.364784657459804,0.0,-1.5707963267948966,
1.2098030285388863,0.0,-2.0608382256964015,0.0,2.358687478282861,0.0,-1.5707963267948966,
1.211812911287063,0.0,-2.06557285152435,0.0,2.352657830038332,0.0,-1.5707963267948966,
1.2138006098852947,0.0,-2.07024329977666,0.0,2.3466947342436364,0.0,-1.5707963267948966,
1.2157664557288432,0.0,-2.074850743041229,0.0,2.340797196712991,0.0,-1.5707963267948966,
1.2177107854204725,0.0,-2.079396353905956,0.0,2.3349642076381034,0.0,-1.5707963267948966,
1.2196339407423755,0.0,-2.08388130495874,0.0,2.329194741672395,0.0,-1.5707963267948966,
1.2215362686270026,0.0,-2.0883067687874792,0.0,2.3234877580185134,0.0,-1.5707963267948966,
1.2234181211268709,0.0,-2.092673917980073,0.0,2.3178422005189083,0.0,-1.5707963267948966,
1.2252798553834323,0.0,-2.0969839251244196,0.0,2.312256997749224,0.0,-1.5707963267948966,
1.2271218335950849,0.0,-2.1012379628084163,0.0,2.3067310631142663,0.0,-1.5707963267948966,
1.2289444229844155,0.0,-2.1054372036199647,0.0,2.3012632949462746,0.0,-1.5707963267948966,
1.2307479957647542,0.0,-2.1095828201469615,0.0,2.295852576605258,0.0,-1.5707963267948966,
1.2325329291061422,0.0,-2.1136759849773057,0.0,2.2904977765810948,0.0,-1.5707963267948966,
1.2342996051007968,0.0,-2.117717870698896,0.0,2.285197748597131,0.0,-1.5707963267948966,
1.236048410728175,0.0,-2.121709649899631,0.0,2.2799513317149964,0.0,-1.5707963267948966,
1.2377797378197304,0.0,-2.12565249516741,0.0,2.2747573504403307,0.0,-1.5707963267948966,
1.239493983023463,0.0,-2.12954757909013,0.0,2.2696146148291327,0.0,-1.5707963267948966,
1.2411915477683686,0.0,-2.1333960742556917,0.0,2.2645219205944165,0.0,-1.5707963267948966,
1.2428728382288827,0.0,-2.137199153251993,0.0,2.2594780492128743,0.0,-1.5707963267948966,
1.2445382652894337,0.0,-2.1409579886669317,0.0,2.254481768031222,0.0,-1.5707963267948966,
1.2461882445092092,0.0,-2.1446737530884077,0.0,2.249531830371895,0.0,-1.5707963267948966,
1.2478231960872437,0.0,-2.148347619104319,0.0,2.244626975637792,0.0,-1.5707963267948966,
1.2494435448279402,0.0,-2.151980759302565,0.0,2.2397659294157024,0.0,-1.5707963267948966,
1.2510497201071389,0.0,-2.1555743462710426,0.0,2.234947403578106,0.0,-1.5707963267948966,
1.2526421558388487,0.0,-2.159129552597653,0.0,2.2301700963829765,0.0,-1.5707963267948966,
1.2542212904427508,0.0,-2.162647550870293,0.0,2.22543269257127,0.0,-1.5707963267948966,
1.255787566812602,0.0,-2.1661295136768617,0.0,2.220733863461717,0.0,-1.5707963267948966,
1.2573414322856489,0.0,-2.1695766136052583,0.0,2.2160722670425765,0.0,-1.5707963267948966,
1.2588833386131744,0.0,-2.172990023243381,0.0,2.21144654806,0.0,-1.5707963267948966,
1.2604137419323025,0.0,-2.1763709151791284,0.0,2.2068553381026152,0.0,-1.5707963267948966,
1.2619331027391807,0.0,-2.1797204620003994,0.0,2.2022972556819806,0.0,-1.5707963267948966,
1.2634418858636631,0.0,-2.183039836295091,0.0,2.1977709063085324,0.0,-1.5707963267948966,
1.2649405604456287,0.0,-2.1863302106511036,0.0,2.1932748825626365,0.0,-1.5707963267948966,
1.2664295999130493,0.0,-2.1895927576563388,0.0,2.188807764160375,0.0,-1.5707963267948966,
1.2679094819619467,0.0,-2.192828649898689,0.0,2.184368118013683,0.0,-1.5707963267948966,
1.2693806885383716,0.0,-2.1960390599660577,0.0,2.1799544982844083,0.0,-1.5707963267948966,
1.2708437058225184,0.0,-2.199225160446341,0.0,2.175565446431968,0.0,-1.5707963267948966,
1.2722990242151346,0.0,-2.202388123927438,0.0,2.171199491254119,0.0,-1.5707963267948966,
1.2737471383263417,0.0,-2.20552912299725,0.0,2.1668551489204977,0.0,-1.5707963267948966,
1.275188546967008,0.0,-2.208649330243672,0.0,2.1625309229984992,0.0,-1.5707963267948966,
1.276623753142825,0.0,-2.211749918254604,0.0,2.158225304471048,0.0,-1.5707963267948966,
1.2780532640512112,0.0,-2.2148320596179447,0.0,2.1539367717458893,0.0,-1.5707963267948966,
1.2794775910811989,0.0,-2.2178969269215942,0.0,2.1496637906559264,0.0,-1.5707963267948966,
1.280897249816442,0.0,-2.220945692753448,0.0,2.145404814450197,0.0,-1.5707963267948966,
1.282312760041506,0.0,-2.223979529701408,0.0,2.1411582837750047,0.0,-1.5707963267948966,
1.2837246457515714,0.0,-2.2269996103533707,0.0,2.1369226266448087,0.0,-1.5707963267948966,
1.2851334351657266,0.0,-2.2300071072972365,0.0,2.1326962584023432,0.0,-1.5707963267948966,
1.2865396607439898,0.0,-2.2330031931209033,0.0,2.128477581667554,0.0,-1.5707963267948966,
1.2879438592082342,0.0,-2.235989040412268,0.0,2.1242649862748206,0.0,-1.5707963267948966,
1.289346571567172,0.0,-2.2389658217592316,0.0,2.1200568491980074,0.0,-1.5707963267948966,
1.2907483431455715,0.0,-2.2419347097496924,0.0,2.115851534462808,0.0,-1.5707963267948966,
1.2921497236178794,0.0,-2.2448968769715485,0.0,2.111647393045885,0.0,-1.5707963267948966,
1.2935512670464222,0.0,-2.2478534960126986,0.0,2.1074427627602565,0.0,-1.5707963267948966,
1.29495353192438,0.0,-2.2508057394610415,0.0,2.103235968126384,0.0,-1.5707963267948966,
1.2963570812237095,0.0,-2.253754779904477,0.0,2.0990253202283946,0.0,-1.5707963267948966,
1.29776248244822,0.0,-2.2567017899309016,0.0,2.0948091165548632,0.0,-1.5707963267948966,
1.2991703076920011,0.0,-2.2596479421282147,0.0,2.09058564082352,0.0,-1.5707963267948966,
1.3005811337034106,0.0,-2.2625944090843157,0.0,2.086353162789292,0.0,-1.5707963267948966,
1.3019955419548377,0.0,-2.2655423633871044,0.0,2.0821099380350105,0.0,-1.5707963267948966,
1.3034141187184698,0.0,-2.2684929776244758,0.0,2.0778542077441147,0.0,-1.5707963267948966,
1.3048374551482933,0.0,-2.2714474243843314,0.0,2.073584198454644,0.0,-1.5707963267948966,
1.3062661473685735,0.0,-2.2744068762545693,0.0,2.069298121793804,0.0,-1.5707963267948966,
1.3077007965690657,0.0,-2.277372505823088,0.0,2.064994174192327,0.0,-1.5707963267948966,
1.3091420091072234,0.0,-2.2803454856777865,0.0,2.0606705365778533,0.0,-1.5707963267948966,
1.3105903966176813,0.0,-2.2833269884065643,0.0,2.05632537404648,0.0,-1.5707963267948966,
1.3120465761292996,0.0,-2.286318186597316,0.0,2.051956835511625,0.0,-1.5707963267948966,
1.3135111701900828,0.0,-2.2893202528379453,0.0,2.0475630533292755,0.0,-1.5707963267948966,
1.3149848070002752,0.0,-2.2923343597163486,0.0,2.043142142898698,0.0,-1.5707963267948966,
1.316468120553988,0.0,-2.2953616798204237,0.0,2.03869220223756,0.0,-1.5707963267948966,
1.3179617507896983,0.0,-2.2984033857380712,0.0,2.034211311530429,0.0,-1.5707963267948966,
1.3194663437499938,0.0,-2.301460650057189,0.0,2.029697532649543,0.0,-1.5707963267948966,
1.3209825517509577,0.0,-2.304534645365675,0.0,2.025148908646652,0.0,-1.5707963267948966,
1.3225110335616068,0.0,-2.3076265442514297,0.0,2.020563463214704,0.0,-1.5707963267948966,
1.3240524545938184,0.0,-2.310737519302349,0.0,2.015939200118069,0.0,-1.5707963267948966,
1.3256074871032115,0.0,-2.313868743106335,0.0,2.0112741025898897,0.0,-1.5707963267948966,
1.3271768104014658,0.0,-2.317021388251283,0.0,2.0065661326951267,0.0,-1.5707963267948966,
1.3287611110806088,0.0,-2.3201966273250942,0.0,2.001813230657698,0.0,-1.5707963267948966,
1.3303610832498067,0.0,-2.3233956329156653,0.0,1.9970133141501043,0.0,-1.5707963267948966,
1.3319774287852597,0.0,-2.326619577610897,0.0,1.9921642775437456,0.0,-1.5707963267948966,
1.3336108575938066,0.0,-2.329869633998686,0.0,1.987263991118105,0.0,-1.5707963267948966,
1.3352620878909154,0.0,-2.333146974666932,0.0,1.9823103002267788,0.0,-1.5707963267948966,
1.3369318464937487,0.0,-2.3364527722035335,0.0,1.9773010244182785,0.0,-1.5707963267948966,
1.338620869130066,0.0,-2.3397881991963914,0.0,1.9722339565093263,0.0,-1.5707963267948966,
1.340329900763748,0.0,-2.343154428233399,0.0,1.9671068616082807,0.0,-1.5707963267948966,
1.342059695937811,0.0,-2.346552631902459,0.0,1.9619174760860916,0.0,-1.5707963267948966,
1.3438110191358088,0.0,-2.3499839827914704,0.0,1.9566635064920976,0.0,-1.5707963267948966,
1.3455846451625983,0.0,-2.3534496534883296,0.0,1.9513426284117292,0.0,-1.5707963267948966,
1.347381359545516,0.0,-2.3569508165809365,0.0,1.9459524852629768,0.0,-1.5707963267948966,
1.3492019589570687,0.0,-2.36048864465719,0.0,1.9404906870283185,0.0,-1.5707963267948966,
1.3510472516603398,0.0,-2.364064310304988,0.0,1.934954808918505,0.0,-1.5707963267948966,
1.3529180579783875,0.0,-2.36767898611223,0.0,1.9293423899643616,0.0,-1.5707963267948966,
1.3548152107890048,0.0,-2.3713338446668137,0.0,1.9236509315325097,0.0,-1.5707963267948966,
1.3567395560463222,0.0,-2.3750300585566384,0.0,1.9178778957605576,0.0,-1.5707963267948966,
1.3586919533308293,0.0,-2.3787688003696026,0.0,1.9120207039070365,0.0,-1.5707963267948966,
1.3606732764295246,0.0,-2.382551242693605,0.0,1.9060767346109504,0.0,-1.5707963267948966,
1.3626844139480248,0.0,-2.3863785581165438,0.0,1.9000433220554505,0.0,-1.5707963267948966,
1.364726269956612,0.0,-2.390251919226319,0.0,1.8939177540296883,0.0,-1.5707963267948966,
1.366799764672345,0.0,-2.3941724986108284,0.0,1.8876972698824896,0.0,-1.5707963267948966,
1.3689058351795411,0.0,-2.398141468857971,0.0,1.8813790583609007,0.0,-1.5707963267948966,
1.3710454361911062,0.0,-2.402160002555644,0.0,1.874960255326206,0.0,-1.5707963267948966,
1.3732195408534045,0.0,-2.406229272291749,0.0,1.8684379413393108,0.0,-1.5707963267948966,
1.3754291415975677,0.0,-2.4103504506541817,0.0,1.8618091391068217,0.0,-1.5707963267948966,
1.3776752510404024,0.0,-2.4145247102308423,0.0,1.855070810778317,0.0,-1.5707963267948966,
1.379958902938302,0.0,-2.4187532236096283,0.0,1.8482198550846176,0.0,-1.5707963267948966,
1.3822811531978725,0.0,-2.4230371633784404,0.0,1.8412531043059064,0.0,-1.5707963267948966,
1.3846430809472978,0.0,-2.427377702125175,0.0,1.8341673210576308,0.0,-1.5707963267948966,
1.3870457896728277,0.0,-2.431776012437732,0.0,1.8269591948810413,0.0,-1.5707963267948966,
1.3894904084251556,0.0,-2.4362332669040097,0.0,1.8196253386240575,0.0,-1.5707963267948966,
1.3919780931008865,0.0,-2.4407506381119077,0.0,1.8121622845968648,0.0,-1.5707963267948966,
1.394510027804766,0.0,-2.445329298649323,0.0,1.8045664804852264,0.0,-1.5707963267948966,
1.3970874262988795,0.0,-2.4499704211041573,0.0,1.7968342850028856,0.0,-1.5707963267948966,
1.399711533545588,0.0,-2.4546751780643046,0.0,1.7889619632627596,0.0,-1.5707963267948966,
1.4023836273516563,0.0,-2.459444742117668,0.0,1.7809456818445546,0.0,-1.5707963267948966,
1.405105020121686,0.0,-2.4642802858521424,0.0,1.7727815035344654,0.0,-1.5707963267948966,
1.4078770607298436,0.0,-2.4691829818556306,0.0,1.764465381709993,0.0,-1.5707963267948966,
1.410701136519683,0.0,-2.474154002716028,0.0,1.755993154340474,0.0,-1.5707963267948966,
1.4135786754429407,0.0,-2.479194521021234,0.0,1.7473605375707018,0.0,-1.5707963267948966,
1.4165111483492228,0.0,-2.4843057093591474,0.0,1.738563118851855,0.0,-1.5707963267948966,
1.4195000714398118,0.0,-2.489488740317668,0.0,1.729596349580088,0.0,-1.5707963267948966,
1.4225470089001826,0.0,-2.494744786484693,0.0,1.7204555371989756,0.0,-1.5707963267948966,
1.4256535757274245,0.0,-2.500075020448122,0.0,1.7111358367172498,0.0,-1.5707963267948966,
1.4288214407705218,0.0,-2.505480614795853,0.0,1.701632241587958,0.0,-1.5707963267948966,
1.4320523300034709,0.0,-2.510962742115785,0.0,1.6919395738891108,0.0,-1.5707963267948966,
1.435348030053469,0.0,-2.5165225749958164,0.0,1.6820524737391167,0.0,-1.5707963267948966,
1.4387103920090014,0.0,-2.522161286023845,0.0,1.6719653878725194,0.0,-1.5707963267948966,
1.4421413355355597,0.0,-2.5278800477877716,0.0,1.6616725572928457,0.0,-1.5707963267948966,
1.4456428533300756,0.0,-2.533680032875494,0.0,1.6511680039092969,0.0,-1.5707963267948966,
1.4492170159489506,0.0,-2.5395624138749096,0.0,1.640445516052672,0.0,-1.5707963267948966,
1.4528659770489063,0.0,-2.5455283633739194,0.0,1.6294986327528045,0.0,-1.5707963267948966,
1.4565919790848838,0.0,-2.5515790539604204,0.0,1.6183206266448724,0.0,-1.5707963267948966,
1.4603973595149564,0.0,-2.5577156582223113,0.0,1.6069044853546546,0.0,-1.5707963267948966,
1.4642845575688388,0.0,-2.5639393487474917,0.0,1.5952428911930072,0.0,-1.5707963267948966,
1.4682561216442236,0.0,-2.5702512981238597,0.0,1.5833281989668526,0.0,-1.5707963267948966,
1.472314717404066,0.0,-2.576652678939313,0.0,1.571152411687325,0.0,-1.5707963267948966,
1.4764631366582504,0.0,-2.583144663781752,0.0,1.558707153924772,0.0,-1.5707963267948966,
1.4807043071251145,0.0,-2.589728425239074,0.0,1.5459836425241795,0.0,-1.5707963267948966,
1.4850413031824332,0.0,-2.596405135899179,0.0,1.5329726543522235,0.0,-1.5707963267948966,
1.4894773577339968,0.0,-2.603175968349964,0.0,1.5196644906975327,0.0,-1.5707963267948966,
1.494015875337482,0.0,-2.61004209517933,0.0,1.5060489378870776,0.0,-1.5707963267948966,
1.498660446762391,0.0,-2.6170046889751735,0.0,1.4921152236123505,0.0,-1.5707963267948966,
1.5034148651743278,0.0,-2.6240649223253936,0.0,1.47785196837654,0.0,-1.5707963267948966,
1.5082831441745828,0.0,-2.63122396781789,0.0,1.463247131375775,0.0,-1.5707963267948966,
1.5132695379632612,0.0,-2.63848299804056,0.0,1.4482879500097396,0.0,-1.5707963267948966,
1.5183785639413905,0.0,-2.6458431855813034,0.0,1.4329608720753526,0.0,-1.5707963267948966,
1.5236150281245044,0.0,-2.6533057030280185,0.0,1.41725147952601,0.0,-1.5707963267948966,
1.5289840538095865,0.0,-2.6608717229686034,0.0,1.4011444024707642,0.0,-1.5707963267948966,
1.5344911140219542,0.0,-2.668542417990958,0.0,1.3846232218336614,0.0,-1.5707963267948966,
1.5401420683727494,0.0,-2.6763189606829787,0.0,1.3676703587812755,0.0,-1.5707963267948966,
1.5459432050862865,0.0,-2.6842025236325684,0.0,1.3502669486406644,0.0,-1.5707963267948966,
1.551901289116348,0.0,-2.6921942794276204,0.0,1.3323926965504798,0.0,-1.5707963267948966,
1.5580236174706328,0.0,-2.700295400656036,0.0,1.3140257114876253,0.0,-1.5707963267948966,
1.5643180831146348,0.0,-2.708507059905715,0.0,1.295142314555619,0.0,-1.5707963267948966,
1.5707932491464278,0.0,-2.7168304297645545,0.0,1.2757168164602397,0.0,-1.5707963267948966,
1.5774584353435146,0.0,-2.725266682820454,0.0,1.2557212578689796,0.0,-1.5707963267948966,
1.5843238197117573,0.0,-2.733816991661312,0.0,1.2351251047642513,0.0,-1.5707963267948966,
1.5914005583552693,0.0,-2.7424825288750263,0.0,1.213894888833715,0.0,-1.5707963267948966,
1.5987009278922475,0.0,-2.751264467049497,0.0,1.191993780222781,0.0,-1.5707963267948966,
1.606238495846197,0.0,-2.7601639787726207,0.0,1.1693810763609322,0.0,-1.5707963267948966,
1.6140283260615111,0.0,-2.7691822366322985,0.0,1.14601158571499,0.0,-1.5707963267948966,
1.6220872283968149,0.0,-2.778320413216427,0.0,1.1218348787090786,0.0,-1.5707963267948966,
1.630434064990938,0.0,-2.7875796811129065,0.0,1.0967943689267086,0.0,-1.5707963267948966,
1.6390901296543667,0.0,-2.7969612129096344,0.0,1.0708261749364223,0.0,-1.5707963267948966,
1.6480796229970034,0.0,-2.8064661811945104,0.0,1.0438576949085128,0.0,-1.5707963267948966,
1.6574302546757451,0.0,-2.8160957585554334,0.0,1.0158057998722865,0.0,-1.5707963267948966,
1.6671740171010154,0.0,-2.8258511175803003,0.0,0.986574512596476,0.0,-1.5707963267948966,
1.6773481944967117,0.0,-2.835733430857011,0.0,0.9560519804093872,0.0,-1.5707963267948966,
1.687996701456342,0.0,-2.8457438709734646,0.0,0.924106459530496,0.0,-1.5707963267948966,
1.6991718932371096,0.0,-2.8558836105175587,0.0,0.8905808841881931,0.0,-1.5707963267948966,
1.710937068961634,0.0,-2.866153822077192,0.0,0.8552853570146194,0.0,-1.5707963267948966,
1.7233700231819125,0.0,-2.8765556782402637,0.0,0.8179864943537843,0.0,-1.5707963267948966,
1.736568239535487,0.0,-2.887090351594673,0.0,0.7783918452930615,0.0,-1.5707963267948966,
1.75065676448991,0.0,-2.897759014728317,0.0,0.7361262704297912,0.0,-1.5707963267948966,
1.7658006781498312,0.0,-2.908562840229097,0.0,0.6906945294500275,0.0,-1.5707963267948966,
1.782225949029024,0.0,-2.919503000684908,0.0,0.6414187168124491,0.0,-1.5707963267948966,
1.8002568171727586,0.0,-2.9305806686836524,0.0,0.587326112381245,0.0,-1.5707963267948966,
1.8203892820758505,0.0,-2.941797016813225,0.0,0.5269287176719705,0.0,-1.5707963267948966,
1.843455552061207,0.0,-2.9531532176615283,0.0,0.4577299077159001,0.0,-1.5707963267948966,
1.8710729450608357,0.0,-2.964650443816458,0.0,0.3748777287170149,0.0,-1.5707963267948966,
1.907402642359035,0.0,-2.9762898678659164,0.0,0.2658886368224163,0.0,-1.5707963267948966,
1.996032187966507,0.0,-2.988072662397796,0.0,0.0,0.0,-1.5707963267948966,
