0.0,0.0,-0.0,-0.0,0.0,0.0,1.5705675405922817,
0.089308341908509,2.7371912181273217e-06,-0.011963969588554946,-0.0,0.2679250257255272,0.0,1.5705675405922817,
0.1261114293062556,1.0919490100125273e-05,-0.023856135774505738,-0.0,0.378334287918767,0.0,1.5701082858220974,
0.1542225569770633,2.4502984488083968e-05,-0.03567688468827068,-0.0,0.46266767093119,0.0,1.5696472043063228,
0.1778138139726763,4.344376222187307e-05,-0.04742660246027519,-0.0,0.5334414419180289,0.0,1.569184308387749,
0.1985039489186124,6.769791114491497e-05,-0.05910567522094112,-0.0,0.5955118467558372,0.0,1.5687196110698802,
0.2171245080998858,9.722151909619114e-05,-0.07071448910069034,-0.0,0.6513735242996574,0.0,1.5682531260333121,
0.2341702677946838,0.00013197067392045625,-0.08225343022994558,-0.0,0.7025108033840514,-3.140793346742806e-14,1.5677848676506705,
0.2499641247550632,0.0001719014634558036,-0.09372288473913315,-0.0,0.7498923742651895,3.3592855090308016e-14,1.5673148510042327,
0.2647307293580995,0.00021696997554565556,-0.10512323875866958,-0.0,0.7941921880742983,0.0,1.5668430919010963,
0.2786339166809818,0.0002671322980303259,-0.11645487841898206,-0.0,0.8359017500429452,0.0,1.5663696068911428,
0.2917975737185186,0.0003223445187527929,-0.12771818985049066,-0.0,0.8753927211555556,0.0,1.5658944132830044,
0.3043181091405462,0.0003825627255520381,-0.1389135591836208,-0.0,0.9129543274216384,0.0,1.5654175291623527,
0.3162723210399554,0.0004477430062714838,-0.1500413725487908,-0.0,0.948816963119866,-4.3322362820593803e-14,1.5649389734079977,
0.3277225831288428,0.000517841448752332,-0.16110201607642782,-0.0,0.9831677493865284,4.510467114271758e-14,1.5644587657109206,
0.3387203888114536,0.0005928141408353405,-0.17209587589695285,-0.0,1.0161611664343606,0.0,1.5639769265914056,
0.3493088474256507,0.0006726171703617112,-0.18302333814078686,-0.0,1.047926542276952,0.0,1.5634934774172473,
0.3595244882902206,0.0007572066251739784,-0.19388478893835348,-0.0,1.0785734648706615,0.0,1.5630084404220757,
0.3693985937461975,0.0008465385931124558,-0.20468061442007812,-0.0,1.108195781238592,5.1890446091057383e-14,1.5625218387243096,
0.3789582033848427,0.0009405691620201218,-0.2154112007163782,-0.0,1.1368746101545275,-5.3519206695443044e-14,1.562033696345161,
0.3882268835322991,0.0010392544197359577,-0.22607693395768091,-0.0,1.1646806505968972,0.0,1.5615440382284271,
0.3972253258086527,0.0011425504541029419,-0.23667820027440545,-0.0,1.1916759774259578,0.0,1.5610528902588636,
0.4059718190284945,0.0012504133529631645,-0.2472153857969781,-0.0,1.217915457085483,0.0,1.560560279281956,
0.4144826257620759,0.001362799204156051,-0.2576888766558181,-0.0,1.2434478772862274,-5.983989544441914e-14,1.5600662331234942,
0.4227722861119409,0.0014796640955241358,-0.2680990589813499,-0.0,1.2683168583358226,6.138062903233095e-14,1.559570780608907,
0.430853865209874,0.001600964114909953,-0.2784463189039954,-0.0,1.292561595629622,6.290856970484021e-14,1.5590739515833878,
0.4387391566881749,0.001726655350152928,-0.28873104255417736,-0.0,1.3162174700645246,0.0,1.5585757769319242,
0.4464388513440261,0.0018566938890955953,-0.2989536160623185,-0.0,1.3393165540320782,-1.3186173212070415e-13,1.5580762885991501,
0.4539626780165226,0.0019910358195791567,-0.3091144255588425,-0.0,1.3618880340495678,6.742733762795673e-14,1.5575755196100798,
0.4613195220809099,0.002129637229445258,-0.3192138571741703,-0.0,1.3839585662427298,0.0,1.557073504090185,
0.4685175257638503,0.0022724542065346576,-0.3292522970387255,-0.0,1.405552577291551,0.0,1.5565702772862176,
0.4755641735805576,0.002419442838689445,-0.33923013128293,-0.0,1.4266925207416727,0.0,1.5560658755864956,
0.4824663655084461,0.0025705592137508226,-0.34914774603720744,-0.0,1.4473990965253385,0.0,1.5555603365421535,
0.4892304799852809,0.002725759419559992,-0.35900552743197967,-0.0,1.467691439955843,0.0,1.5550536988873813,
0.4958624284119752,0.0028849995439585996,-0.3688038615976694,-0.0,1.487587285235926,0.0,1.5545460025610494,
0.5023677025215973,0.003048235674787847,-0.3785431346646986,-0.0,1.5071031075647925,0.0,1.5540372887268918,
0.5087514157253483,0.0032154238998898244,-0.38822373276349254,-0.0,1.5262542471760454,0.0,1.5535275997949567,
0.5150183393473103,0.0033865203071052896,-0.3978460420244705,-0.0,1.5450550180419311,0.0,1.5530169794426882,
0.5211729345008907,0.0035614809842754447,-0.40741044857805697,-0.0,1.5635188035026728,0.0,1.5525054726356204,
0.5272193802320679,0.0037402620192428238,-0.4169173385546756,-0.0,1.5816581406962045,0.0,1.551993125648489,
0.5331615984512081,0.0039228194998472965,-0.4263670980847456,-0.0,1.5994847953536249,0.0,1.5514799860864472,
0.5390032760910906,0.004109109513931397,-0.43576011329869235,-0.0,1.617009828273272,0.0,1.5509661029057464,
0.544747884859901,0.0042990881493363275,-0.44509677032693773,-0.0,1.6342436545797037,0.0,1.5504515264346022,
0.5503986989013633,0.00449271149390329,-0.45437745529990536,-0.0,1.6511960967040904,0.0,1.5499363083941362,
0.5559588106273126,0.004689935635474374,-0.4636025543480171,-0.0,1.6678764318819383,0.0,1.5494205019187792,
0.5614311449491456,0.004890716661889893,-0.47277245360169307,-0.0,1.6842934348474377,0.0,1.5489041615772448,
0.566818472102101,0.005095010660991939,-0.4818875391913604,-0.0,1.700455416306304,0.0,1.5483873433922146,
0.572123419229131,0.005302773720622156,-0.4909481972474383,-0.0,1.7163702576873938,-9.493714005058543e-14,1.5478701048611283,
0.5773484808682467,0.0055139619286208585,-0.49995481390035135,-0.0,1.732045442604741,1.9273349066015048e-13,1.5473525049760553,
0.5824960284678528,0.005728531372831025,-0.5089077752805213,-0.0,1.7474880854035588,-9.779652835809927e-14,1.5468346042428502,
0.5875683190382224,0.005946438141092969,-0.5178074675183719,-0.0,1.7627049571146678,0.0,1.5463164647016896,
0.5925675030332854,0.006167638321248781,-0.5266542767443232,-0.0,1.777702509099857,-1.0065736058338761e-13,1.5457981499451434,
0.5974956315450074,0.006392088001139218,-0.5354485890887997,-0.0,1.792486894635023,1.0208874447621628e-13,1.5452797251379136,
0.6023546628824066,0.0066197432686059265,-0.5441907906822241,-0.0,1.8070639886472208,0.0,1.5447612570347031,
0.6071464685985091,0.006850560211490553,-0.5528812676550201,-0.0,1.821439405795528,-1.0495419619451771e-13,1.5442428139987134,
0.611872839020958,0.007084494917635187,-0.5615204061376069,-0.0,1.835618517062875,1.0638853045643963e-13,1.5437244660192242,
0.6165354883354796,0.007321503474879254,-0.5701085922604099,-0.0,1.8496064650064397,0.0,1.5432062847290509,
0.6211360592657061,0.007561541971065733,-0.5786462121538509,-0.0,1.863408177797119,0.0,1.5426883434206269,
0.6256761273879721,0.007804566494035825,-0.5871336519483537,-0.0,1.8770283821639169,0.0,1.5421707170633792,
0.630157205115369,0.008050533131631177,-0.595571297774339,-0.0,1.890471615346108,0.0,1.5416534823182924,
0.6345807453816208,0.008299397971691658,-0.6039595357622298,-0.0,1.903742236144863,0.0,1.5411367175536954,
0.6389481450520369,0.008551117102061134,-0.6122987520424497,-0.0,1.9168444351561116,0.0,1.5406205028592717,
0.6432607480859267,0.008805646610578588,-0.6205893327454222,-0.0,1.9297822442577808,0.0,1.540104920060569,
0.647519848472318,0.009062942585087885,-0.6288316640015665,-0.0,1.9425595454169549,0.0,1.5395900527305963,
0.6517266929585959,0.009322961113428008,-0.6370261319413082,-0.0,1.9551800788757885,0.0,1.5390759862041987,
0.6558824835896734,0.009585658283442822,-0.645173122695069,-0.0,1.9676474507690207,0.0,1.5385628075872049,
0.659988380073594,0.009850990182971309,-0.6532730223932717,-0.0,1.9799651402207823,0.0,1.538050605769163,
0.6640455019878816,0.010118912899856003,-0.661326217166339,-0.0,1.992136505963645,0.0,1.5375394714316495,
0.6680549308395916,0.010389382521938995,-0.6693330931446928,-0.0,2.004164792518775,-1.2517784598237894e-13,1.5370294970574907,
0.6720177119907826,0.010662355137061041,-0.6772940364587567,-0.0,2.016053135972348,1.266362301671631e-13,1.5365207769390299,
0.6759348564600303,0.010937786833063345,-0.6852094332389527,-0.0,2.027804569380091,0.0,1.5360134071842626,
0.6798073426096323,0.011215633697787553,-0.6930796696157033,-0.0,2.0394220278288966,0.0,1.535507485722484,
0.6836361177272707,0.011495851819075309,-0.7009051317194324,-0.0,2.050908353181812,0.0,1.5350031123097794,
0.6874220995101143,0.011778397284766928,-0.7086862056805607,-0.0,2.062266298530343,1.3248987211941789e-13,1.534500388530966,
0.6911661774586428,0.012063226182705833,-0.7164232776295121,-0.0,2.073498532375928,-1.339582739835572e-13,1.5339994178030518,
0.69486921418683,0.012350294600731893,-0.7241167336967091,-0.0,2.0846076425604894,0.0,1.5335003053751262,
0.6985320466547631,0.012639558626687197,-0.7317669600125747,-0.0,2.0955961399642886,0.0,1.5330031583283277,
0.7021554873292519,0.012930974348412949,-0.7393743427075306,-0.0,2.106466461987755,1.3837512762468316e-13,1.532508085573879,
0.705740325277522,0.013224497853749906,-0.7469392679119995,-0.0,2.117220975832565,-1.3985118126095177e-13,1.5320151978496972,
0.7092873271986575,0.013520085230541046,-0.7544621217564034,-0.0,2.127861981595972,-1.4132904810448104e-13,1.5315246077151694,
0.7127972383970896,0.013817692566626238,-0.7619432903711676,-0.0,2.1383917151912684,1.4280867674172866e-13,1.5310364295458414,
0.7162707837020629,0.014117275949848018,-0.7693831598867131,-0.0,2.148812351106188,0.0,1.5305507795238622,
0.7197086683367216,0.014418791468047143,-0.7767821164334618,-0.0,2.1591260050101644,0.0,1.5300677756297372,
0.7231115787401527,0.014722195209065259,-0.7841405461418365,-0.0,2.1693347362204576,0.0,1.5295875376299501,
0.7264801833454688,0.015027443260743567,-0.7914588351422607,-0.0,2.179440550036406,0.0,1.5291101870643313,
0.7298151333167807,0.015334491710923714,-0.7987373695651572,-0.0,2.189445399950342,0.0,1.528635847230749,
0.7331170632476912,0.015643296647447347,-0.8059765355409478,-0.0,2.1993511897430733,0.0,1.5281646431684193,
0.7363865918237432,0.015953814158155222,-0.8131767192000545,-0.0,2.209159775471229,0.0,1.5276967016391616,
0.7396243224510777,0.01626600033088943,-0.8203383066729018,-0.0,2.218872967353233,0.0,1.5272321511061773,
0.742830843853384,0.016579811253491172,-0.8274616840899105,-0.0,2.228492531560152,0.0,1.526771121711831,
0.7460067306390904,0.016895203013801208,-0.8345472375815053,-0.0,2.238020191917271,0.0,1.5263137452520565,
0.7491525438405805,0.017212131699662514,-0.8415953532781071,-0.0,2.2474576315217414,0.0,1.5258601551498123,
0.7522688314271196,0.017530553398914517,-0.8486064173101386,-0.0,2.256806494281359,0.0,1.525410486425831,
0.7553561287930358,0.017850424199400194,-0.8555808158080236,-0.0,2.266068386379108,0.0,1.5249648756661256,
0.7584149592226033,0.018171700188960305,-0.8625189349021829,-0.0,2.2752448776678103,0.0,1.5245234609900038,
0.7614458343329821,0.018494337455436938,-0.8694211607230411,-0.0,2.284337502998947,0.0,1.5240863820117831,
0.7644492544964586,0.01881829208667085,-0.87628787940102,-0.0,2.2933477634893764,0.0,1.5236537798044272,
0.767425709243169,0.019143520170503248,-0.8831194770665416,-0.0,2.3022771277295075,0.0,1.5232257968567575,
0.7703756776453935,0.019469977794775772,-0.8899163398500294,-0.0,2.311127032936181,0.0,1.5228025770312774,
0.773299628684443,0.019797621047330516,-0.8966788538819062,-0.0,2.319898886053329,0.0,1.5223842655178679,
0.7761980216010955,0.020126406016006904,-0.9034074052925938,-0.0,2.328594064803287,0.0,1.521971008785452,
0.7790713062304764,0.02045628878864969,-0.9101023802125159,-0.0,2.33721391869143,0.0,1.5215629545303664,
0.7819199233222143,0.020787225453097413,-0.9167641647720934,-0.0,2.3457597699666435,0.0,1.521160251624302,
0.7847443048466648,0.02111917209719305,-0.9233931451017501,-0.0,2.354232914539995,0.0,1.5207630500562543,
0.7875448742879272,0.021452084808776917,-0.9299897073319077,-0.0,2.362634622863782,0.0,1.5203715008752465,
0.7903220469243518,0.0217859196756911,-0.9365542375929907,-0.0,2.370966140773056,0.0,1.5199857561275323,
0.7930762300971778,0.022120632785776806,-0.9430871220154211,-0.0,2.379228690291533,0.0,1.5196059687933048,
0.7958078234679141,0.02245618022687612,-0.9495887467296198,-0.0,2.3874234704037427,0.0,1.5192322927191566,
0.7985172192650363,0.02279251808682936,-0.9560594978660122,-0.0,2.3955516577951093,0.0,1.5188648825491557,
0.8012048025205244,0.023129602453478615,-0.9624997615550184,-0.0,2.403614407561573,0.0,1.5185038936514148,
0.8038709512967654,0.023467389414665085,-0.9689099239270629,-0.0,2.411612853890297,0.0,1.518149482044128,
0.806516036904278,0.023805835058230862,-0.9752903711125667,-0.0,2.4195481107128347,0.0,1.5178018043170232,
0.8091404241107211,0.024144895472014927,-0.9816414892419534,-0.0,2.427421272332164,0.0,1.5174610175513832,
0.8117444713416,0.024484526743862034,-0.9879636644456458,-0.0,2.4352334140248004,0.0,1.517127279236207,
0.8143285308730728,0.024824684961612054,-0.9942572828540666,-0.0,2.4429855926192188,0.0,1.5168007471829865,
0.8168929490172299,0.02516532621310663,-1.0005227305976367,-0.0,2.45067884705169,0.0,1.5164815794368576,
0.8194380663002062,0.02550640658618608,-1.0067603938067808,-0.0,2.4583141989006188,0.0,1.5161699341855503,
0.8219642176334523,0.02584788216869338,-1.0129706586119207,-0.0,2.465892652900357,0.0,1.5158659696648675,
0.8244717324784903,0.026189709048469734,-1.019153911143479,-0.0,2.473415197435471,0.0,1.5155698440636978,
0.8269609350054478,0.026531843313355008,-1.0253105375318787,-0.0,2.480882805016343,0.0,1.5152817154243374,
0.8294321442456551,0.026874241051192183,-1.0314409239075424,-0.0,2.488296432736965,0.0,1.5150017415404373,
0.8318856742385726,0.027216858349822903,-1.037545456400892,-0.0,2.4956570227157178,0.0,1.514730079855045,
0.8343218341733034,0.027559651297087484,-1.043624521142351,-0.0,2.5029655025199102,0.0,1.514466887353171,
0.8367409285249283,0.027902575980828015,-1.0496785042623413,-0.0,2.510222785574785,0.0,1.5142123204531983,
0.8391432571858944,0.028245588488885698,-1.055707791891285,-0.0,2.5174297715576834,0.0,1.5139665348976472,
0.8415291155926723,0.02858864490910218,-1.0617127701596072,-0.0,2.524587346778017,0.0,1.5137296856391607,
0.8438987948478797,0.028931701329317328,-1.0676938251977282,-0.0,2.531696384543639,0.0,1.5135019267265046,
0.8462525818380794,0.029274713837375455,-1.0736513431360715,-0.0,2.5387577455142383,0.0,1.5132834111869915,
0.8485907593474212,0.029617638521115985,-1.079585710105059,-0.0,2.545772278042264,0.0,1.5130742909092694,
0.8509136061673134,0.029960431468380122,-1.0854973122351144,-0.0,2.55274081850194,0.0,1.5128747165218512,
0.8532213972022824,0.030303048767011287,-1.0913865356566603,-0.0,2.559664191606847,0.0,1.512684837271577,
0.8555144035721847,0.03064544650484846,-1.0972537665001187,-0.0,2.566543210716554,0.0,1.5125048009002822,
0.8577928927109169,0.030987580769733736,-1.1030993908959115,-0.0,2.5733786781327503,0.0,1.5123347535201455,
0.8600571284617708,0.03132940764951009,-1.108923794974464,-0.0,2.580171385385312,0.0,1.5121748394866765,
0.862307371169561,0.03167088323201739,-1.1147273648661962,-0.0,2.5869221135086824,0.0,1.5120252012733024,
0.8645438777696682,0.03201196360509728,-1.120510486701531,-0.0,2.593631633309004,0.0,1.511885979341411,
0.8667669018741057,0.032352604856591416,-1.126273546610892,-0.0,2.6003007056223164,0.0,1.5117573120123846,
0.8689766938547391,0.032692763074341435,-1.1320169307247019,-0.0,2.6069300815642165,0.0,1.5116393353378719,
0.8711735009237622,0.0330323943461881,-1.1377410251733817,-0.0,2.613520502771286,0.0,1.5115321829697186,
0.8733575672115431,0.033371454759973496,-1.1434462160873569,-0.0,2.620072701634629,0.0,1.5114359860291324,
0.8755291338419313,0.03370990040353883,-1.1491328895970474,-0.0,2.6265874015257933,0.0,1.5113508729767833,
0.8776884390051369,0.034047687364724855,-1.154801431832877,-0.0,2.63306531701541,0.0,1.5112769694815196,
0.8798357180282608,0.03438477173137455,-1.1604522289252683,-0.0,2.639507154084782,0.0,1.5112143982906678,
0.8819712034435718,0.034721109591326904,-1.166085667004645,-0.0,2.645913610330715,0.0,1.5111632791000749,
0.8840951250546129,0.035056657032426664,-1.1717021322014265,-0.0,2.652285375163838,0.0,1.5111237284235597,
0.8862077100002163,0.035391370142511924,-1.1773020106460388,-0.0,2.6586231300006484,0.0,1.511095859466589,
0.8883091828165034,0.03572520500942655,-1.182885688468902,-0.0,2.66492754844951,0.0,1.5110797819963406,
0.8903997654969472,0.03605811772101086,-1.1884535518004409,-0.0,2.6711992964908413,0.0,1.5110756022170029,
0.8924796775505591,0.036390064365106056,-1.194005986771077,-0.0,2.677439032651677,0.0,1.5110834226437766,
0.8945491360582759,0.03672100102955378,-1.1995433795112334,-0.0,2.6836474081748274,0.0,1.5111033419803759,
0.8966083557276053,0.03705088380219612,-1.2050661161513325,-0.0,2.689825067182816,0.0,1.5111354549962,
0.8986575489455928,0.0373796687708734,-1.2105745828217964,-0.0,2.695972646836778,0.0,1.5111798524082816,
0.9006969258301694,0.03770731202342814,-1.2160691656530478,-0.0,2.702090777490508,0.0,1.511236620762464,
0.9027266942799352,0.03803376964770022,-1.2215502507755112,-0.0,2.7081800828398053,0.0,1.5113058423196204,
0.9047470600224312,0.03835899773153306,-1.2270182243196066,-0.0,2.714241180067293,0.0,1.5113875949430247,
0.9067582266609548,0.03868295236276653,-1.2324734724157578,-0.0,2.720274679982864,0.0,1.5114819519887326,
0.9087603957199654,0.039005589629243165,-1.2379163811943892,-0.0,2.726281187159896,0.0,1.5115889821995694,
0.910753766689124,0.039326865618803275,-1.2433473367859191,-0.0,2.732261300067372,0.0,1.511708749602459,
0.9127385370660216,0.03964673641928895,-1.248766725320774,-0.0,2.738215611198065,0.0,1.5118413134079423,
0.9147149023976286,0.0399651581185414,-1.2541749329293745,-0.0,2.744144707192886,0.0,1.5119867279153856,
0.916683056320515,0.04028208680440226,-1.2595723457421446,-0.0,2.7500491689615454,0.0,1.5121450424204124,
0.9186431905998762,0.04059747856471274,-1.264959349889506,-0.0,2.755929571799629,0.0,1.5123163011273943,
0.9205954951674064,0.04091128948731404,-1.2703363315018814,-0.0,2.76178648550222,0.0,1.5125005430657206,
0.9225401581580532,0.04122347566004825,-1.2757036767096936,-0.0,2.7676204744741604,0.0,1.512697802010584,
0.9244773659456912,0.04153399317075612,-1.2810617716433654,-0.0,2.7734320978370746,0.0,1.5129081064091268,
0.926407303177746,0.041842798107279755,-1.2864110024333204,-0.0,2.779221909533239,0.0,1.5131314793099238,
0.9283301528088016,0.0421498465574599,-1.2917517552099786,-0.0,2.784990458426406,0.0,1.5133679382992806,
0.9302460961332276,0.04245509460913821,-1.2970844161037647,-0.0,2.7907382883996834,0.0,1.5136174954409762,
0.9321553128168448,0.04275849835015677,-1.3024093712451004,-0.0,2.7964659384505355,0.0,1.513880157222411,
0.9340579809276726,0.04306001386835545,-1.3077270067644093,-0.0,2.8021739427830186,0.0,1.5141559245064067,
0.9359542769657704,0.04335959725157723,-1.3130377087921135,-0.0,2.8078628308973124,0.0,1.5144447924864664,
0.9378443758922153,0.04365720458766287,-1.3183418634586346,-0.0,2.8135331276766467,0.0,1.51474675065145,
0.9397284511572288,0.043952791964453564,-1.3236398568943972,-0.0,2.819185353471688,0.0,1.5150617827519492,
0.9416066747274856,0.044246315469790964,-1.3289320752298224,-0.0,2.8248200241824577,0.0,1.5153898667762333,
0.9434792171126228,0.04453773119151627,-1.3342189045953328,-0.0,2.830437651337869,0.0,1.5157309749291734,
0.945346247390978,0.04482699521747158,-1.339500731121352,-0.0,2.836038742172935,0.0,1.5160850736194245,
0.9472079332345732,0.04511406363549764,-1.344777940938303,-0.0,2.8416237997037204,0.0,1.5164521234521677,
0.9490644409333678,0.0453988925334361,-1.3500509201766064,-0.0,2.8471933228001043,0.0,1.5168320792271914,
0.950915935418804,0.04568143799912816,-1.355320054966687,-0.0,2.852747806256413,0.0,1.5172248899446454,
0.9527625802866594,0.04596165612041592,-1.3605857314389667,-0.0,2.8582877408599785,0.0,1.5176304988163518,
0.9546045378192288,0.046239502985140124,-1.365848335723868,-0.0,2.8638136134576877,0.0,1.5180488432830064,
0.9564419690068556,0.04651493468114287,-1.371108253951813,-0.0,2.869325907020568,0.0,1.5184798550395984,
0.9582750335688264,0.046787907296264475,-1.376365872253225,-0.0,2.87482510070648,0.0,1.518923460064004,
0.9601038899736476,0.047058376918347466,-1.3816215767585254,-0.0,2.880311669920943,0.0,1.5193795786558453,
0.9619286954587242,0.04732629963523216,-1.3868757535981384,-0.0,2.885786086376173,0.0,1.5198481254783036,
0.9637496060494514,0.04759163153476109,-1.392128788902486,-0.0,2.8912488181483544,0.0,1.5203290096074928,
0.965566776577738,0.04785432870477546,-1.397381068801991,-0.0,2.8967003297332146,0.0,1.5208221345891177,
0.9673803606999768,0.04811434723311603,-1.402632979427076,-0.0,2.9021410820999303,0.0,1.5213273984994584,
0.9691905109144742,0.04837164320762488,-1.4078849069081638,-0.0,2.9075715327434226,0.0,1.5218446940130765,
0.9709973785783572,0.04862617271614322,-1.4131372373756772,-0.0,2.912992135735072,0.0,1.5223739084775048,
0.972801113923968,0.04887789184651181,-1.4183903569600371,-0.0,2.9184033417719046,0.0,1.5229149239919986,
0.9746018660747604,0.04912675668657274,-1.423644651791668,-0.0,2.923805598224281,0.0,1.5234676174939974,
0.9763997830607124,0.049372723324167644,-1.428900508000992,-0.0,2.929199349182137,0.0,1.5240318608493109,
0.9781950118332672,0.04961574784713774,-1.4341583117184324,-0.0,2.934585035499802,0.0,1.5246075209496674,
0.9799876982798122,0.049855786343324215,-1.4394184490744095,-0.0,2.939963094839437,0.0,1.525194459814001,
0.9817779872377144,0.05009279490056917,-1.4446813061993495,-0.0,2.945333961713143,0.0,1.5257925346962684,
0.9835660225079116,0.05032672960671292,-1.4499472692236717,-0.0,2.9506980675237355,0.0,1.526401598196872,
0.9853519468680896,0.05055754654959754,-1.4552167242778005,-0.0,2.95605584060427,0.0,1.5270214983804395,
0.9871359020854352,0.05078520181706425,-1.4604900574921587,-0.0,2.9614077062563067,0.0,1.5276520788972738,
0.9889180289289908,0.05100965149695513,-1.4657676549971672,-0.0,2.966754086786973,0.0,1.5282931791093168,
0.9906984671816168,0.051230851677110945,-1.4710499029232507,-0.0,2.9720954015448515,0.0,1.528944634220841,
0.992477355651568,0.051448758445372444,-1.4763371874008309,-0.0,2.9774320669547043,0.0,1.5296062754128696,
0.9942548321836994,0.05166332788958261,-1.4816298945603306,-0.0,2.9827644965510984,0.0,1.5302779299809033,
0.9960310336703084,0.051874516097581314,-1.4869284105321716,-0.0,2.988093101010925,0.0,1.5309594214776951,
0.997806096061624,0.05208227915721153,-1.4922331214467777,-0.0,2.993418288184872,0.0,1.531650569857021,
0.9995801543759494,0.052286573156313576,-1.4975444134345715,-0.0,2.9987404631278483,0.0,1.5323511916237402,
1.001353342709471,0.052487354182729096,-1.5028626726259748,-0.0,3.004060028128413,0.0,1.5330610999831815,
1.0031257942457406,0.05268457832430018,-1.5081882851514106,-0.0,3.009377382737221,0.0,1.5337801049958055,
1.0048976412648387,0.05287820166886714,-1.5135216371413014,-0.0,3.014692923794516,0.0,1.5345080137335287,
1.00666901515223,0.05306818030427207,-1.51886311472607,-0.0,3.02000704545669,0.0,1.535244630436841,
1.0084400464073149,0.05325447031835617,-1.5242131040361393,-0.0,3.025320139221945,0.0,1.535989756676015,
1.0102108646516894,0.05343702779896109,-1.529571991201931,-0.0,3.0306325939550693,0.0,1.5367431915119902,
1.011981598637122,0.053615808833928025,-1.5349401623538688,-0.0,3.0359447959113672,0.0,1.537504731659777,
1.0137523762532477,0.05379076951109818,-1.5403180036223754,-0.0,3.041257128759744,0.0,1.5382741716522181,
1.015523324534996,0.053961865918313645,-1.5457059011378718,-0.0,3.0465699736049885,0.0,1.539051304004781,
1.0172945696697568,0.05412905414341562,-1.5511042410307825,-0.0,3.051883709009271,0.0,1.5398359193815132,
1.0190662370042889,0.05429229027424487,-1.5565134094315294,-0.0,3.0571987110128664,0.0,1.5406278067602903,
1.0208384510513808,0.05445153039864392,-1.5619337924705343,-0.0,3.062515353154142,0.0,1.541426753598333,
1.0226113354962734,0.05460673060445309,-1.5673657762782218,-0.0,3.06783400648882,0.0,1.5422325459989512,
1.0243850132028438,0.054757846979514024,-1.572809746985012,-0.0,3.073155039608531,0.0,1.5430449688752614,
1.0261596062195677,0.05490483561166881,-1.5782660907213302,-0.0,3.078478818658703,0.0,1.5438638061155872,
1.027935235785255,0.05504765258875821,-1.5837351936175965,-0.0,3.0838057073557645,0.0,1.5446888407470953,
1.0297120223345768,0.05518625399862431,-1.5892174418042364,-0.0,3.089136067003731,0.0,1.5455198550975324,
1.0314900855033802,0.055320595929107874,-1.594713221411669,-0.0,3.094470256510141,0.0,1.5463566309571735,
1.0332695441338056,0.05545063446805054,-1.6002229185703198,-0.0,3.099808632401417,0.0,1.5471989497375502,
1.0350505162792054,0.055576325703293517,-1.6057469194106107,-0.0,3.105151548837617,0.0,1.5480465926297091,
1.0368331192088756,0.055697625722679334,-1.6112856100629633,-0.0,3.1104993576266278,0.0,1.5488993407595189,
1.0386174694126034,0.05581449061404742,-1.6168393766578015,-0.0,3.1158524082378105,0.0,1.5497569753418405,
1.0404036826050371,0.05592687646524075,-1.622408605325548,-0.0,3.121211047815113,0.0,1.5506192778308758,
1.042191873729886,0.05603473936410053,-1.6279936821966245,-0.0,3.1265756211896587,0.0,1.551486030069357,
1.0439821569639498,0.05613803539846751,-1.633594993401454,-0.0,3.1319464708918505,0.0,1.5523570144344392,
1.0457746457209942,0.05623672065618379,-1.639212925070459,-0.0,3.137323937162984,0.0,1.5532320139801472,
1.0475694526554653,0.056330751225091014,-1.6448478633340615,-0.0,3.142708357966397,0.0,1.5541108125780592,
1.0493666896660578,0.05642008319302949,-1.650500194322686,-0.0,3.148100068998174,0.0,1.554993195053946,
1.0511664678991357,0.056504672647841314,-1.6561703041667535,-0.0,3.153499403697408,0.0,1.5558789473204326,
1.0529688977520164,0.05658447567736813,-1.6618585789966867,-0.0,3.1589066932560503,0.0,1.5567678565084744,
1.0547740888761188,0.05665944836945114,-1.6675654049429074,-0.0,3.164322266628358,0.0,1.5576597110922448,
1.0565821501799826,0.056729546811931986,-1.6732911681358429,-0.0,3.1697464505399497,0.0,1.5585543010133613,
1.05839318983216,0.05679472709265143,-1.6790362547059097,-0.0,3.175179569496482,0.0,1.5594514177991337,
1.0602073152639933,0.05685494529945112,-1.684801050783535,-0.0,3.180621945791982,0.0,1.5603508546777318,
1.06202463317227,0.056910157520173144,-1.6905859424991387,-0.0,3.186073899516812,0.0,1.5612524066897182,
1.0638452495217732,0.056960319842657814,-1.6963913159831439,-0.0,3.1915357485653213,0.0,1.5621558707956744,
1.0656692695477223,0.057005388354747666,-1.7022175573659748,-0.0,3.197007808643169,0.0,1.563061045978336,
1.0674967977581118,0.05704531914428301,-1.7080650527780517,-0.0,3.2024903932743376,0.0,1.5639677333431559,
1.0693279379359546,0.05708006829910728,-1.713934188349798,-0.0,3.2079838138078656,0.0,1.5648757362116954,
1.0711627931414294,0.057109591907058554,-1.7198253502116376,-0.0,3.2134883794242897,0.0,1.5657848602142996,
1.0730014657139395,0.057133846055981596,-1.7257389244939931,-0.0,3.2190043971418203,0.0,1.5666949133743437,
1.0748440572740865,0.057152786833715385,-1.7316752973272846,-0.0,3.224532171822261,0.0,1.5676057061932434,
1.0766906687255626,0.057166370328103344,-1.7376348548419376,-0.0,3.2300720061766897,0.0,1.5685170517259686,
1.080396350959009,0.05717728981820347,-1.7496250684370134,-0.0,3.24118905287703,0.0,1.5698856268315304,
1.0849760645232531,0.05717510006522897,-1.7645002464100745,-0.0,3.2549281935697625,0.0,-4.712241771863041,
1.0894802770130796,0.0571685542261231,-1.7791915650699925,-0.0,3.268440831039241,0.0,-4.711943422104714,
1.0939104147353695,0.057157687430613446,-1.7937006431995846,-0.0,3.2817312442061115,0.0,-4.711640015262255,
1.0982678658062548,0.05714253480842535,-1.808029099581666,-0.0,3.2948035974187677,0.0,-4.711331461267807,
1.1025539818425585,0.057123131489287715,-1.8221785529990493,-0.0,3.307661945527677,0.0,-4.711017668970555,
1.1067700795600122,0.057099512602925895,-1.836150622234551,-0.0,3.3203102386800394,0.0,-4.710698546171533,
1.1109174422845025,0.05707171327906746,-1.849946926070988,-0.0,3.33275232685351,-1.2158507562069063e-13,-4.710373999664863,
1.114997321382108,0.05703976864743909,-1.863569083291173,-0.0,3.3449919641463275,1.235923865255305e-13,-4.710043935282437,
1.11901093761326,0.057003713837767034,-1.8770187126779225,-0.0,3.3570328128397837,0.0,-4.709708257944786,
1.1229594824159157,0.0569635839797793,-1.8902974330140507,-0.0,3.368878447247749,0.0,-4.709366871717492,
1.1268441191222944,0.05691941420320168,-1.903406863082373,-0.0,3.3805323573668864,0.0,-4.709019679873064,
1.1306659841133684,0.056871239637761306,-1.9163486216657066,-0.0,3.3919979523401085,0.0,-4.708666584960293,
1.134426187914985,0.056819095413185305,-1.9291243275468641,-0.0,3.403278563744959,-1.3408168743716748e-13,-4.708307488879576,
1.1381258162392345,0.05676301665920169,-1.941735599508661,-0.0,3.414377448717706,1.3597837869209331e-13,-4.7079422929658605,
1.1417738403837854,0.05670303850553493,-1.9541840563339141,-0.0,3.4104684525723306,0.0,-4.70757089807953,
1.1453824235762362,0.05663919608191392,-1.9664713168054364,-0.0,3.399642702994978,0.0,-4.70719320470549,
1.1489554524396697,0.056571524518064464,-1.9785989997060458,-0.0,3.3889236164046777,0.0,-4.706809113060786,
1.1524930681840655,0.05650005894371324,-1.9905687238185532,-0.0,3.378310769171489,1.4163420356215675e-13,-4.70641852321166,
1.155995417165666,0.056424834488587816,-2.0023821079257775,-0.0,3.367803722226689,-1.430686372627229e-13,-4.7060213352007505,
1.159462650922109,0.056345886282415325,-2.0140407708105323,-0.0,3.357402020957358,0.0,-4.70561744918409,
1.1628949262059762,0.056263249454921116,-2.0255463312556348,-0.0,3.3471051951057578,0.0,-4.705206765579497,
1.1662924050166952,0.05617695913583365,-2.0369004080438975,-0.0,3.3369127586736007,0.0,-4.704789185227099,
1.1696552546307868,0.05608705045487916,-2.048104619958136,-0.0,3.3268242098313263,0.0,-4.70436460956066,
1.172983647630412,0.055993558541783894,-2.059160585781167,-0.0,3.316839030832451,0.0,-4.703932940793649,
1.1762777619301956,0.05589651852627586,-2.0700699242958045,-0.0,3.3069566879331,1.5216243465631337e-13,-4.703494082117389,
1.1795377808023049,0.05579596553808086,-2.080834254284863,-0.0,3.2971766313167725,0.0,-4.703047937914417,
1.1827638928997513,0.055691934706926904,-2.091455194531159,-0.0,3.287498295024433,-1.5538544832498125e-13,-4.702594413986738,
1.1859562922778977,0.05558446116254023,-2.1019343638175076,-0.0,3.277921096889993,0.0,-4.702133417799125,
1.189115178414151,0.055473580034647085,-2.112273380926723,-0.0,3.268444438481233,0.0,-4.701664858739924,
1.1922407562258213,0.05535932645297592,-2.122473864641621,-0.0,3.2590677050462222,0.0,-4.701188648398665,
1.1953332360861328,0.05524173554725209,-2.132537433745017,-0.0,3.249790265465287,0.0,-4.700704700860869,
1.1983928338383718,0.05512084244720317,-2.142465707019725,-0.0,3.2406114722085704,0.0,-4.700212933023337,
1.2014197708081642,0.05499668228255539,-2.1522603032485614,-0.0,3.231530661299193,0.0,-4.699713264927395,
1.2044142738138697,0.05486929018303677,-2.1619228412143414,-0.0,3.2225471522820763,0.0,-4.699205620112955,
1.2073765751750931,0.0547387012783731,-2.1714549396998795,-0.0,3.2136602481984053,0.0,-4.698689925993865,
1.2103069127193025,0.05460495069829152,-2.180858217487991,-0.0,3.204869235565778,0.0,-4.6981661142548665,
1.2132055297865565,0.05446807357251959,-2.190134293361491,-0.0,3.196173384364016,0.0,-4.697634121270795,
1.2160726752323456,0.054328105030783114,-2.1992847861031946,-0.0,3.187571948026648,0.0,-4.697093888548898,
1.2189086034285497,0.054185080202809655,-2.2083113144959174,-0.0,3.179064163438037,0.0,-4.696545363195764,
1.2217135742625118,0.054039034218325455,-2.2172154973224734,-0.0,3.17064925093615,0.0,-4.695988498407288,
1.2244878531342556,0.05389000220705853,-2.2259989533656803,-0.0,3.162326414320919,-1.807864844260517e-13,-4.695423253984984,
1.227231710951838,0.05373801929873423,-2.23466330140835,-0.0,3.154094840868172,3.655894171389449e-13,-4.6948495968761375,
1.2299454241248708,0.05358312062308013,-2.2432101602333008,-0.0,3.1459537013490726,-1.8482863382115548e-13,-4.694267501741705,
1.232629274556215,0.05342534130982424,-2.251641148623345,-0.0,3.13790215005504,0.0,-4.693676951548077,
1.2352835496318813,0.05326471648869191,-2.2599578853613016,-0.0,3.129939324828041,0.0,-4.693077938186826,
1.2379085422091454,0.05310128128940983,-2.26816198922998,-0.0,3.1220643470962486,0.0,-4.692470463119861,
1.2405045506029255,0.05293507084170557,-2.2762550790121994,-0.0,3.1142763219149074,0.0,-4.691854538051414,
1.2430718785704276,0.05276612027530714,-2.2842387734907748,-0.0,3.106574338012402,0.0,-4.691230185625219,
1.2456108352941055,0.05259446471993856,-2.292114691448522,-0.0,3.0989574678413674,0.0,-4.6905974401476485,
1.248121735362968,0.05242013930532918,-2.2998844516682526,-0.0,3.0914247676347792,0.0,-4.689956348336731,
1.2506048987522704,0.05224317916120391,-2.307549672932786,-0.0,3.0839752774668723,-2.0199612934730123e-13,-4.689306970093277,
1.2530606508016218,0.052063619417292095,-2.3151119740249344,-0.0,3.076608021318818,2.0424846714940646e-13,-4.688649379297329,
1.2554893221915655,0.05188149520331864,-2.322572973727513,-0.0,3.069322007148986,0.0,-4.687983664624207,
1.2578912489186698,0.05169684164901067,-2.3299342908233394,-0.0,3.062116226967674,0.0,-4.687309930382469,
1.2602667722691705,0.051509693884095764,-2.3371975440952264,-0.0,3.0549896569161725,0.0,-4.6866282973689835,
1.2626162387912343,0.051320087038300155,-2.344364352325992,-0.0,3.04794125734998,0.0,-4.685938903739869,
1.2649400002658775,0.05112805624135053,-2.3514363342984472,-0.0,3.04096997292605,0.0,-4.685241905895483,
1.2672384136766073,0.05093363662297534,-2.35841510879541,-0.0,3.034074732693861,0.0,-4.684537479375192,
1.269511841177839,0.05073686331289906,-2.3653022945996947,-0.0,3.0272544501901657,0.0,-4.6838258197583125,
1.2717606500621532,0.05053777144085014,-2.3720995104941176,-0.0,3.020508023537223,0.0,-4.6831071435698535,
1.2739852127264528,0.05033639613655527,-2.3788083752614932,-0.0,3.0138343355443244,0.0,-4.682381689183133,
1.2761859066370889,0.050132772529740244,-2.385430507684636,-0.0,3.0072322538124165,0.0,-4.681649717717572,
1.2783631142940226,0.049926935750133516,-2.3919675265463605,-0.0,3.0007006308416155,0.0,-4.680911513924614,
1.280517223194094,0.049718920927460886,-2.3984210506294845,-0.0,2.994238304141401,-2.327351992306322e-13,-4.680167387056782,
1.2826486257934666,0.04950876319144992,-2.404792698716821,-0.0,2.987844096343283,2.351969541619983e-13,-4.679417671713959,
1.2847577194693311,0.04929649767182687,-2.411084089591184,-0.0,2.981516815315689,0.0,-4.678662728658496,
1.286844906480941,0.049082159498318845,-2.4172968420353937,-0.0,2.9752552542808592,0.0,-4.677902945594884,
1.2889105939300531,0.04886578380065254,-2.423432574832259,-0.0,2.969058191933524,0.0,-4.677138737901982,
1.2909551937208736,0.04864740570855508,-2.4294929067646,-0.0,2.9629243925610624,0.0,-4.676370549314135,
1.292979122519571,0.04842706035175315,-2.435479456615229,-0.0,2.9568526061649707,0.0,-4.675598852539195,
1.2949828017134606,0.04820478285997387,-2.4413938431669626,-0.0,2.950841568583302,0.0,-4.674824149805277,
1.2969666573699383,0.04798060836294349,-2.447237685202615,-0.0,2.944890001613869,0.0,-4.674046973326812,
1.298931120195258,0.04775457199038957,-2.4530126015050007,-0.0,2.93899661313791,0.0,-4.673267885680574,
1.3008766254932471,0.04752670887203925,-2.4587202108569395,-0.0,2.9331600972439427,0.0,-4.672487480079484,
1.3028036131240437,0.04729705413761787,-2.4643621320412388,-0.0,2.927379134351553,0.0,-4.671706380536172,
1.304712527462975,0.04706564291685389,-2.469939983840722,-0.0,2.92165239133476,0.0,-4.670925241904518,
1.306603817359642,0.046832510339473554,-2.475455385038198,-0.0,2.915978521644759,0.0,-4.670144749787797,
1.3084779360973446,0.0465976915352031,-2.480909954416483,-0.0,2.9103561654316508,2.6706740874939706e-13,-4.669365620304982,
1.3103353413529262,0.04636122163377099,-2.4863053107583957,-0.0,2.9047839496649064,0.0,-4.668588599703469,
1.312176495157145,0.04612313576490257,-2.491643072846748,-0.0,2.8992604882522497,0.0,-4.6678144638066845,
1.3140018638556892,0.04588346905832541,-2.4969248594643547,-0.0,2.8937843821566176,-2.7405389541877055e-13,-4.667044017292353,
1.3158119180709291,0.0456422566437662,-2.502152289394034,-0.0,2.888354219510897,0.0,-4.666278092785327,
1.3176071326645191,0.04539953365095162,-2.507326981418598,-0.0,2.882968575730127,0.0,-4.665517549762754,
1.3193879867009657,0.04515533520960879,-2.512450554320865,-0.0,2.8776260136207887,0.0,-4.664763273261634,
1.3211549634122566,0.04490969644946441,-2.517524626883646,-0.0,2.872325083486915,0.0,-4.664016172382759,
1.32290855016369,0.04466265250024559,-2.5225508178897593,-0.0,2.867064323232615,0.0,-4.663277178587899,
1.324649238420985,0.044414238491679026,-2.5275307461220207,-0.0,2.86184225846073,0.0,-4.6625472437848785,
1.3263775237188122,0.04416448955349228,-2.532466030363241,-0.0,2.856657402567248,0.0,-4.661827338201148,
1.3280939056308556,0.04391344081541115,-2.5373582893962405,-0.0,2.851508256831118,0.0,-4.66111844804392,
1.329798887741507,0.043661127407163214,-2.5422091420038315,-0.0,2.846393310499164,0.0,-4.660421572952481,
1.3314929776193332,0.043407584458473814,-2.5470202069688304,-0.0,2.8413110408656856,0.0,-4.659737723241479,
1.333176686792413,0.043152847099071856,-2.5517931030740515,-0.0,2.836259913346446,0.0,-4.659067916949761,
1.3348505307256755,0.042896950458683136,-2.5565294491023094,-0.0,2.831238381546658,0.0,-4.658413176695085,
1.3365150288003516,0.042639929667035226,-2.5612308638364203,-0.0,2.8262448873226305,0.0,-4.657774526354136,
1.338170704295655,0.04238181985385392,-2.5658989660591986,-0.0,2.8212778608367204,0.0,-4.657152987575245,
1.3398180843728198,0.04212265614886723,-2.5705353745534607,-0.0,2.816335720605226,0.0,-4.656549576146166,
1.3414577000616037,0.04186247368180096,-2.5751417081020227,-0.0,2.811416873538876,0.0,-4.655965298229399,
1.3430900862493766,0.041601307582382674,-2.5797195854876955,-0.0,2.8065197149755554,0.0,-4.655401146493367,
1.344715781672925,0.04133919298033906,-2.5842706254932972,-0.0,2.801642628704911,0.0,-4.65485809615644,
1.3463353289130653,0.04107616500539768,-2.588796446901644,-0.0,2.7967839869844897,0.0,-4.6543371009742796,
1.3479492743922057,0.040812258787283895,-2.5932986684955486,-0.0,2.7919421505470683,0.0,-4.653839089194468,
1.349558168374965,0.040547509455725717,-2.597778909057827,-0.0,2.787115468598792,0.0,-4.653364959512138,
1.3511625649719592,0.040281952140449384,-2.602238787371296,-0.0,2.782302278807808,0.0,-4.6529155770502175,
1.3527630221468834,0.040015621971182025,-2.6066799222187695,-0.0,2.7775009072830352,0.0,-4.652491769403717,
1.3543601017269913,0.03974855407765121,-2.6111039323830605,-0.0,2.772709668542712,0.0,-4.652094322774143,
1.3559543694171037,0.03948078358958229,-2.615512436646987,-0.0,2.767926865472375,0.0,-4.651723978229887,
1.3575463948172426,0.03921234563670328,-2.619907053793363,-0.0,2.7631507892719576,0.0,-4.651381428123666,
1.3591367514440251,0.03894327534873998,-2.6242894026050037,-0.0,2.75837971939161,0.0,-4.651067312699831,
1.3607260167559196,0.038673607855420844,-2.6286611018647266,-0.0,2.753611923455926,0.0,-4.650782216920247,
1.3623147721824842,0.03840337828647167,-2.6330237703553427,-0.0,2.748845657176233,0.0,-4.65052666754039,
1.3639036031577148,0.03813262177161958,-2.637379026859672,-0.0,2.7440791642505413,0.0,-4.650301130462946,
1.365493099157602,0.03786137344059126,-2.6417284901605234,-0.0,2.73931067625088,0.0,-4.650106008391242,
1.3670838537420436,0.03758966842311384,-2.6460737790407185,-0.0,2.734538412497556,0.0,-4.649941638809411,
1.3686764646012062,0.037317541848914004,-2.6504165122830683,-0.0,2.729760579920068,0.0,-4.649808292304231,
1.3702715336064908,0.037045028847718875,-2.654758308670387,-0.0,2.7249753729042143,0.0,-4.649706171248909,
1.3718696668662145,0.03677216454925425,-2.659100786985497,-0.0,2.720180973125043,0.0,-4.649635408858462,
1.3734714747861376,0.03649898408324814,-2.6634455660112044,-0.0,2.7153755493652736,0.0,-4.6495960686260585,
1.3750775721349984,0.03622552257942813,-2.66779426453033,-0.0,2.710557257318692,0.0,-4.649588144146913,
1.3766885781151674,0.03595181516751955,-2.6721485013256876,-0.0,2.7057242393781844,0.0,-4.649611559328212,
1.3783051164385938,0.035677896977249546,-2.6765098951800903,-0.0,2.700874624407905,0.0,-4.649666168983809,
1.3799278154081922,0.035403803138345236,-2.680880064876356,-0.0,2.6960065274991094,0.0,-4.6497517598059375,
1.381557308004828,0.035129568780533305,-2.685260629197299,-0.0,2.691118049709201,0.0,-4.64986805170266,
1.3831942319800823,0.034855229033541324,-2.689653206925736,-0.0,2.6862072777834385,0.0,-4.6500146994876985,
1.3848392299549703,0.03458081902709509,-2.694059416844479,-0.0,2.681272283858775,0.0,-4.6501912949047,
1.3864929495248082,0.034306373890921726,-2.698480877736345,-0.0,2.6763111251492613,0.0,-4.650397368963684,
1.3881560433704287,0.03403192875474925,-2.7029192083841496,-0.0,2.6713218436124,0.0,-4.650632394568142,
1.3898291693759546,0.03375751874830302,-2.7073760275707057,-0.0,2.6663024655958223,0.0,-4.650895789403812,
1.391512990753364,0.03348317900131059,-2.7118529540788296,-0.0,2.661251001463594,0.0,-4.651186919066461,
1.39320817617408,0.033208944643499105,-2.7163516066913393,-0.0,2.656165445201446,0.0,-4.651505100391703,
1.3949153999078368,0.03293485080459524,-2.7208736041910475,-0.0,2.651043774000176,0.0,-4.651849604962402,
1.396635341969099,0.03266093261432479,-2.725420565360767,-0.0,2.6458839478163885,0.0,-4.652219662760263,
1.398368688271318,0.032387225202416214,-2.7299941089833153,-0.0,2.640683908909732,0.0,-4.6526144659284565,
1.4001161307893155,0.032113763698595754,-2.734595853841511,-0.0,2.635441581355739,0.0,-4.653033172615577,
1.4018783677301314,0.03184058323258965,-2.739227418718163,-0.0,2.630154870533292,0.0,-4.653474910869465,
1.4036561037126731,0.03156771893412591,-2.743890422396089,-0.0,2.624821662585666,0.0,-4.653938782551429,
1.4054500499565217,0.03129520593293034,-2.748586483658106,-0.0,2.6194398238541217,0.0,-4.654423867238635,
1.4072609244802818,0.031023079358730943,-2.753317221287028,-0.0,2.6140072002828405,0.0,-4.654929226093355,
1.4090894523098887,0.03075137434125308,-2.7580842540656674,-0.0,2.60852161679402,0.0,-4.65545390566648,
1.4109363656972984,0.030480126010224762,-2.7628892007768444,-0.0,2.602980876631791,0.0,-4.655996941617169,
1.4128024043500154,0.03020936949537223,-2.76773368020337,-0.0,2.59738276067364,0.0,-4.656557362323425,
1.4146883156719618,0.029939139926423497,-2.7726193111280617,-0.0,2.5917250267078003,0.0,-4.657134192365971,
1.416594855016183,0.029669472433103916,-2.7775477123337327,-0.0,2.5860054086751365,0.0,-4.657726455867762,
1.4185227859499572,0.029400402145141502,-2.782520502603199,-0.0,2.580221615873814,0.0,-4.658333179674255,
1.4204728805328797,0.02913196419226205,-2.7875393007192786,-0.0,2.574371332125047,0.0,-4.658953396363016,
1.4224459196085404,0.028864193704193575,-2.7926057254647825,-0.0,2.5684522148980644,0.0,-4.659586147070903,
1.4244426931104688,0.028597125810662316,-2.7977213956225286,-0.0,2.56246189439228,0.0,-4.660230484132603,
1.4264640003830156,0.028330795641394957,-2.8028879299753298,-0.0,2.556397972574639,0.0,-4.660885473524878,
1.4285106505179446,0.028065238326118624,-2.808106947306002,-0.0,2.550258022169852,0.0,-4.661550197112035,
1.430583462707503,0.027800488994560446,-2.813380066397362,-0.0,2.5440395856011766,0.0,-4.662223754691553,
1.4326832666148202,0.02753658277644666,-2.8187089060322235,-0.0,2.537740173879225,0.0,-4.662905265840347,
1.4348109027625306,0.02727355480150484,-2.8240950849933997,-0.0,2.531357265436094,0.0,-4.6635938715641,
1.4369672229405772,0.027011440199461667,-2.8295402220637103,-0.0,2.524888304901954,0.0,-4.664288735751002,
1.4391530906341998,0.02675027410004338,-2.835045936025968,-0.0,2.5183307018210863,0.0,-4.664989046437072,
1.441369381473213,0.02649009163297711,-2.840613845662987,-0.0,2.511681829304047,0.0,-4.665694016887889,
1.4436169837037185,0.026230927927990866,-2.8462455697575857,-0.0,2.504939022612531,0.0,-4.666402886502824,
1.4458967986834896,0.025972818114809115,-2.851942727092575,-0.0,2.498099577673217,0.0,-4.667114921550151,
1.4482097414023662,0.025715797323161205,-2.8577069364507723,-0.0,2.4911607495165877,0.0,-4.66782941574316,
1.450556741029052,0.025459900682772485,-2.863539816614993,-0.0,2.484119750636531,0.0,-4.668545690661446,
1.4529387414858503,0.025205163323370527,-2.8694429863680524,-0.0,2.476973749266136,0.0,-4.669263096032915,
1.4553567020529534,0.02495162037468157,-2.875418064492764,-0.0,2.469719867564827,0.0,-4.66998100987986,
1.4578115980040298,0.024699306966433632,-2.881466669771945,-0.0,2.4623551797115977,0.0,-4.67069883854417,
1.460304421274975,0.02444825822835206,-2.8875904209884107,-0.0,2.454876709898762,0.0,-4.671416016596338,
1.4628361811678368,0.024198509290165315,-2.8937909369249715,-0.0,2.4472814302201766,0.0,-4.672132006643663,
1.465407905092082,0.023950095281598305,-2.900069836364449,-0.0,2.4395662584474413,0.0,-4.672846299040279,
1.4680206393455024,0.023703051332379932,-2.906428738089656,-0.0,2.4317280556871794,0.0,-4.673558411516062,
1.470675449937293,0.023457412572235548,-2.9128692608834053,-0.0,2.423763623911808,0.0,-4.674267888725112,
1.4733734234559783,0.023213214130892723,-2.9193930235285164,-0.0,2.415669703355752,0.0,-4.674974301731133,
1.4761156679850955,0.022970491138078142,-2.9260016448078003,-0.0,2.4074429697684003,0.0,-4.675677247430098,
1.4789033140697907,0.02272927872351893,-2.932696743504075,-0.0,2.399080031514315,0.0,-4.676376347924181,
1.4817375157377053,0.02248961201694133,-2.9394799384001553,-0.0,2.3905774265105717,0.0,-4.677071249850665,
1.4846194515778373,0.022251526148073353,-2.9463528482788535,-0.0,2.381931618990176,0.0,-4.677761623675041,
1.4875503258813574,0.022015056246640796,-2.9533170919229894,-0.0,2.373138996079615,0.0,-4.678447162953883,
1.4905313698486773,0.02178023744237123,-2.960374288115374,-0.0,2.364195864177656,0.0,-4.679127583573569,
1.4935638428674738,0.021547104864990896,-2.9675260556388237,-0.0,2.355098445121266,0.0,-4.679802622971586,
1.4966490338667346,0.02131569364422603,-2.974774013276156,-0.0,2.345842872123483,0.0,-4.6804720393441475,
1.4997882627523595,0.021086038909805538,-2.9821197798101844,-0.0,2.3364251854666085,0.0,-4.681135610846662,
1.5029828819303457,0.020858175791455213,-2.9895649740237227,-0.0,2.3268413279326507,0.0,-4.6817931347890855,
1.5062342779241094,0.020632139418900852,-2.9971112146995873,-0.0,2.317087139951359,0.0,-4.6824444268333405,
1.50954387309311,0.020407964921870914,-3.0047601206205927,-0.0,2.3071583544443577,0.0,-4.683089320192773,
1.5129131274605958,0.020185687430091193,-3.012513310569555,-0.0,2.2970505913419004,0.0,-4.68372766483972,
1.516343540659035,0.01996534207328926,-3.020372403329291,-0.0,2.2867593517465825,0.0,-4.684359326721892,
1.5198366540025976,0.0197469639811918,-3.028339017682611,-0.0,2.2762800117158952,0.0,-4.684984186992008,
1.5233940526969816,0.01953058828352594,-3.0364147724123347,-0.0,2.265607815632743,0.0,-4.685602141250869,
1.5270173681978525,0.01931625011001792,-3.0446012863012735,-0.0,2.254737869130131,0.0,-4.686213098806853,
1.5307082807303334,0.019103984590394862,-3.052900178132247,-0.0,2.2436651315326874,0.0,-4.686816981953678,
1.5344685219831968,0.018893826854383455,-3.0613130666880677,-0.0,2.2323844077740973,0.0,-4.687413725266639,
1.5382998779928516,0.01868581203171127,-3.0698415707515503,-0.0,2.220890339745133,0.0,-4.6880032749187315,
1.5422041922337728,0.018479975252104097,-3.078487309105511,-0.0,2.2091773970223696,0.0,-4.688585588019091,
1.5461833689337965,0.018276351645289513,-3.087251900532764,-0.0,2.197239866922299,0.0,-4.689160631971358,
1.5502393766346994,0.018074976340994198,-3.096136963816126,-0.0,2.185071843819589,0.0,-4.689728383855701,
1.5543742520207178,0.01787588446894528,-3.105144117738411,-0.0,2.1726672176615343,0.0,-4.690288829832257,
1.5585901040401964,0.017679111158869443,-3.114274981082434,-0.0,2.160019661603098,0.0,-4.690841964567693,
1.562889118348427,0.01748469154049337,-3.1235311726310107,-0.0,2.1471226186784063,0.0,-4.691387790684452,
1.5672735621029787,0.017292660743544186,-3.1329143111669575,-0.0,2.133969287414751,0.0,-4.691926318232548,
1.5717457891465183,0.017103053897748133,-3.142426015473087,-0.0,2.1205526062841327,0.0,-4.692457564183652,
1.57630824561633,0.01691590613283367,-3.152067904332216,-0.0,2.1068652368746976,0.0,-4.692981551947757,
1.5809634760245277,0.0167312525785257,-3.16184159652716,-0.0,2.092899545650105,0.0,-4.693498310911228,
1.5857141298584558,0.016549128364552246,-3.171748710840732,-0.0,2.07864758414832,0.0,-4.694007875996952,
1.5905629687570817,0.016369568620639985,-3.1817908660557483,-0.0,2.0641010674524427,0.0,-4.694510287244705,
1.595512874326398,0.016192608476515158,-3.191969680955027,-0.0,2.049251350744493,0.0,-4.695005589412698,
1.600566856665241,0.01601828306190578,-3.2022867743213785,-0.0,2.034089403727964,0.0,-4.695493831599045,
1.6057280636825748,0.015846627506537647,-3.2127437649376214,-0.0,2.0186057826759627,0.0,-4.695975066881848,
1.610999791298482,0.01567767694013833,-3.2233422715865663,-0.0,2.002790599828241,0.0,-4.696449351979442,
1.6163854946341678,0.015511466492434511,-3.234083913051035,-0.0,1.9866334898211837,0.0,-4.696916746927471,
1.6218888003114371,0.015348031293152431,-3.244970308113838,-0.0,1.9701235727893749,0.0,-4.697377314774378,
1.6275135199999753,0.015187406472020104,-3.2560030755577936,-0.0,1.9532494137237608,0.0,-4.697831121293796,
1.6332636653716055,0.01502962715876377,-3.267183834165711,-0.0,1.9359989776088693,0.0,-4.698278234712456,
1.6391434646454115,0.014874728483110111,-3.2785142027204133,-0.0,1.918359579787452,0.0,-4.698718725454846,
1.645157380936737,0.014722745574785812,-3.289995800004708,-0.0,1.9003178309134756,0.0,-4.699152665902071,
1.651310132657803,0.01457371356351933,-3.3016302448014168,-0.0,1.8818595757502772,0.0,-4.6995801301655575,
1.6576067162589396,0.01442766757903513,-3.313419155893352,-0.0,1.862969824946868,0.0,-4.700001193873822,
1.6640524316490617,0.014284642751061227,-3.3253641520633286,-0.0,1.8436326787765025,0.0,-4.700415933973717,
1.670652910693555,0.014144674209324748,-3.3374668520941624,-0.0,1.823831241643022,0.0,-4.700824428542548,
1.677414149259853,0.01400779708355282,-3.349728874768668,-0.0,1.803547525944127,0.0,-4.701226756613632,
1.6843425433685617,0.013874046503471238,-3.3621518388696563,-0.0,1.7827623436180025,0.0,-4.701622998012097,
1.691444930114992,0.013743457598807574,-3.3747373631799524,-0.0,1.761455183378711,0.0,-4.702013233202573,
1.6987286341573775,0.013616065499288954,-3.387487066482369,-0.0,1.7396040712515544,0.0,-4.702397543146143,
1.7062015207304897,0.013491905334641618,-3.4004025675597136,-0.0,1.7171854115322185,0.0,-4.702776009167716,
1.7138720563452394,0.01337101223459225,-3.413485485194804,-0.0,1.6941738046879686,0.0,-4.703148712832645,
1.7217493785875897,0.01325342132886842,-3.42673743817046,-0.0,1.670541837960918,0.0,-4.703515735831895,
1.729843376748574,0.013139167747197256,-3.4401600452694927,-0.0,1.6462598434779645,0.0,-4.703877159875496,
1.7381647854216478,0.013028286619304108,-3.45375492527472,-0.0,1.6212956174587438,0.0,-4.704233066593986,
1.7467252937211435,0.012920813074917437,-3.4675236969689545,-0.0,1.5956140925602569,0.0,-4.704583537447727,
1.7555376734437729,0.01281678224376348,-3.4814679791350125,-0.0,1.5691769533923694,0.0,-4.704928653642052,
1.764615930365341,0.012716229255568479,-3.495589390555712,-0.0,1.541942182627664,0.0,-4.705268496050319,
1.773975484009714,0.012619189240060447,-3.5098895500138623,-0.0,1.5138635216945453,0.0,-4.705603145142634,
1.783633382748884,0.012525697326965624,-3.5243700762922847,-0.0,1.4848898254770353,0.0,-4.705932680920098,
1.7936085631392908,0.012435788646011137,-3.5390325881737885,-0.0,1.4549642843058148,0.0,-4.706257182855387,
1.8039221651851909,0.012349498326923225,-3.5538787044411935,-0.0,1.4240234781681145,0.0,-4.7065767298380035,
1.814597919063096,0.012266861499429016,-3.5689100438773123,-0.0,1.3919962165343998,0.0,-4.706891400124324,
1.825662624222286,0.012187913293256525,-3.584128225264961,-0.0,1.3588021010568294,0.0,-4.70720127129294,
1.8371467494322344,0.012112688838131103,-3.5995348673869527,-0.0,1.3243497254269838,0.0,-4.7075064202031545,
1.849085193434882,0.012041223263779877,-3.6151315890261086,-0.0,1.288534393419041,0.0,-4.707806922958901,
1.8615182622339956,0.011973551699930862,-3.6309200089652363,-0.0,1.2512351870217004,0.0,-4.708102854875319,
1.874492943770513,0.011909709276308966,-3.6469017459871536,-0.0,1.212311142412148,0.0,-4.708394290449295,
1.8880645989661016,0.011849731122642648,-3.6630784188746803,-0.0,1.1715961768253815,0.0,-4.708681303333556,
1.9022992489163064,0.011793652368658591,-3.679451646410624,-0.0,1.128892226974768,0.0,-4.708963966313435,
1.9172767377870863,0.011741508144083035,-3.696023047377804,-0.0,1.0839597603624274,0.0,-4.709242351286726,
1.933095220724837,0.011693333578642662,-3.7127942405590373,-0.0,1.036504311549176,0.0,-4.709516529246361,
1.94987772731899,0.011649163802065043,-3.729766844737136,-0.0,0.986156791766717,0.0,-4.709786570265402,
1.967782112824572,0.011609033944077307,-3.7469424786949146,-0.0,0.9324436352499712,0.0,-4.710052543484355,
1.9870168206585312,0.011572979134405248,-3.764322761215193,-0.0,0.8747395117480937,0.0,-4.71031451710076,
2.007867243969073,0.011541034502776881,-3.7819093110807804,-0.0,0.8121882418164671,0.0,-4.710572558361045,
2.030742983805521,0.01151323517891889,-3.799703747074491,-0.0,0.7435610223071244,0.0,-4.710826733553577,
2.0562707571047047,0.011489616292556182,-3.8177076879791505,-0.0,0.6669777024095729,0.0,-4.711077108004223,
2.0855023211724197,0.011470212973418992,-3.8359227525775657,-0.0,0.5792830102064299,0.0,-4.7113237460730755,
2.1204820981435373,0.011455060351231339,-3.854350559652551,-0.0,0.4743436792930755,0.0,-4.711566711152577,
2.1664712831032085,0.011444193555721238,-3.8729927279869214,-0.0,0.3363761244140625,0.0,-4.711806065667693,
2.278596657907896,0.01143764771661493,-3.8918508763634962,-0.0,0.0,0.0,-4.712041871076169,
